yearID,teamID,lgID,playerID,G_all,GS,G_batting,G_defense,G_p,G_c,G_1b,G_2b,G_3b,G_ss,G_lf,G_cf,G_rf,G_of,G_dh,G_ph,G_pr
2017,BOS,AL,abadfe01,48,0,4,48,48,0,0,0,0,0,0,0,0,0,0,0,0
2017,CHA,AL,abreujo02,156,156,156,139,0,0,139,0,0,0,0,0,0,0,18,0,0
2017,COL,NL,adamecr01,12,1,12,2,0,0,1,1,0,1,0,0,0,0,0,10,0
2017,WAS,NL,adamsau02,6,0,6,6,6,0,0,0,0,0,0,0,0,0,0,0,0
2017,ATL,NL,adamsla01,85,13,85,41,0,0,0,0,0,0,27,11,7,41,0,51,9
2017,ATL,NL,adamsma01,100,69,100,72,0,0,59,0,0,0,13,0,0,13,0,29,0
2017,SLN,NL,adamsma01,31,8,31,9,0,0,3,0,0,0,6,0,0,6,2,22,0
2017,DET,AL,adducji02,29,22,29,26,0,0,0,0,0,0,0,0,26,26,2,2,3
2017,CIN,NL,adlemti01,30,20,27,30,30,0,0,0,0,0,0,0,0,0,0,0,0
2017,MIN,AL,adriaeh01,70,42,70,61,0,0,4,9,9,29,17,0,0,17,3,14,6
2017,MIL,NL,aguilje01,133,55,133,78,0,0,77,0,1,0,0,0,0,0,3,66,0
2017,ARI,NL,ahmedni01,53,41,53,48,0,0,0,0,0,48,0,0,0,0,0,7,0
2017,SEA,AL,alberan01,9,6,1,9,9,0,0,0,0,0,0,0,0,0,0,0,0
2017,WAS,NL,alberma01,63,0,59,63,63,0,0,0,0,0,0,0,0,0,0,0,0
2017,ATL,NL,albieoz01,57,57,57,57,0,0,0,57,0,0,0,0,0,0,0,0,0
2017,CHA,AL,albural01,10,0,0,10,10,0,0,0,0,0,0,0,0,0,0,0,0
2017,KCA,AL,albural01,11,0,1,11,11,0,0,0,0,0,0,0,0,0,0,0,0
2017,CIN,NL,alcanar01,70,11,70,35,0,0,0,10,4,6,3,7,7,17,0,37,4
2017,OAK,AL,alcanra01,8,4,0,8,8,0,0,0,0,0,0,0,0,0,0,0,0
2017,SLN,NL,alcansa01,8,0,8,8,8,0,0,0,0,0,0,0,0,0,0,0,0
2017,DET,AL,alcanvi01,6,0,0,6,6,0,0,0,0,0,0,0,0,0,0,0,0
2017,KCA,AL,alexasc01,58,0,4,58,58,0,0,0,0,0,0,0,0,0,0,0,0
2017,PHI,NL,alfarjo01,29,29,29,29,0,28,2,0,0,0,0,0,0,0,0,0,0
2017,TOR,AL,alforan01,4,2,4,4,0,0,0,0,0,0,3,0,2,4,0,2,0
2017,CLE,AL,allenco01,69,0,5,69,69,0,0,0,0,0,0,0,0,0,0,0,0
2017,CLE,AL,allengr01,25,5,25,25,0,0,0,0,0,0,5,21,0,25,0,1,6
2017,CLE,AL,almonab01,69,48,69,58,0,0,0,0,0,0,20,8,32,58,4,7,7
2017,KCA,AL,almonmi01,2,0,0,2,2,0,0,0,0,0,0,0,0,0,0,0,0
2017,CHN,NL,almoral01,132,65,132,105,0,0,0,0,0,0,1,104,1,105,0,43,0
2017,OAK,AL,alonsyo01,100,87,100,96,0,0,96,0,0,0,0,0,0,0,1,6,0
2017,SEA,AL,alonsyo01,42,35,42,39,0,0,39,0,0,0,0,0,0,0,0,7,0
2017,SEA,AL,altavda01,41,0,5,41,41,0,0,0,0,0,0,0,0,0,0,0,0
2017,PHI,NL,altheaa01,107,92,107,106,0,0,0,0,0,0,52,19,50,106,0,7,0
2017,HOU,AL,altuvjo01,153,151,153,149,0,0,0,149,0,0,0,0,0,0,3,1,1
2017,TEX,AL,alvarda01,20,0,0,20,20,0,0,0,0,0,0,0,0,0,0,0,0
2017,PHI,NL,alvarhe01,3,3,3,3,3,0,0,0,0,0,0,0,0,0,0,0,0
2017,LAA,AL,alvarjo02,64,0,5,64,64,0,0,0,0,0,0,0,0,0,0,0,0
2017,TBA,AL,alvarjo03,35,0,0,35,35,0,0,0,0,0,0,0,0,0,0,0,0
2017,BAL,AL,alvarpe01,14,7,14,2,0,0,2,0,0,0,0,0,0,0,8,6,0
2017,COL,NL,amarial01,96,25,96,54,0,0,0,19,1,18,5,9,9,22,0,52,3
2017,CHN,NL,anderbr04,6,6,6,6,6,0,0,0,0,0,0,0,0,0,0,0,0
2017,TOR,AL,anderbr04,7,7,0,7,7,0,0,0,0,0,0,0,0,0,0,0,0
2017,MIA,NL,anderbr06,25,21,25,25,0,0,0,0,25,0,0,0,0,0,0,3,0
2017,MIL,NL,anderch01,25,25,24,25,25,0,0,0,0,0,0,0,0,0,0,0,0
2017,PHI,NL,anderdr02,2,0,1,2,2,0,0,0,0,0,0,0,0,0,0,0,0
2017,CHA,AL,anderti01,146,145,146,145,0,0,0,0,0,145,0,0,0,0,0,0,1
2017,COL,NL,anderty01,17,15,17,17,17,0,0,0,0,0,0,0,0,0,0,0,0
2017,TBA,AL,andrima01,18,17,0,18,18,0,0,0,0,0,0,0,0,0,0,0,0
2017,TEX,AL,andruel01,158,158,158,157,0,0,0,0,0,157,0,0,0,0,1,0,0
2017,NYA,AL,andujmi01,5,1,5,3,0,0,0,0,3,0,0,0,0,0,2,1,0
2017,HOU,AL,aokino01,71,56,70,68,1,0,0,0,0,0,56,0,16,67,1,5,1
2017,NYN,NL,aokino01,27,24,27,27,0,0,0,0,0,0,5,1,23,27,0,3,0
2017,TOR,AL,aokino01,12,7,12,10,0,0,0,0,0,0,3,1,8,10,0,2,0
2017,BAL,AL,aquinja01,4,2,1,4,4,0,0,0,0,0,0,0,0,0,0,0,0
2017,PHI,NL,aranovi01,10,0,10,10,10,0,0,0,0,0,0,0,0,0,0,0,0
2017,TBA,AL,archech01,34,34,3,34,34,0,0,0,0,0,0,0,0,0,0,0,0
2017,MIL,NL,arciaor01,153,137,153,152,0,0,0,0,0,152,0,0,0,0,0,7,1
2017,COL,NL,arenano01,159,156,159,157,0,0,0,0,157,0,0,0,0,0,0,3,0
2017,CLE,AL,armstsh01,21,0,3,21,21,0,0,0,0,0,0,0,0,0,0,0,0
2017,CHN,NL,arrieja01,32,30,29,30,30,0,0,0,0,0,0,0,0,0,0,2,0
2017,CIN,NL,arroybr01,15,14,15,14,14,0,0,0,0,0,0,0,0,0,0,1,0
2017,SFN,NL,arroych01,34,32,34,33,0,0,0,2,22,10,0,0,0,0,0,1,0
2017,CHA,AL,ascheco01,19,16,19,4,0,0,2,0,1,0,1,0,0,1,14,3,0
2017,BAL,AL,asheral01,24,6,2,24,24,0,0,0,0,0,0,0,0,0,0,0,0
2017,CIN,NL,astinba01,6,0,6,6,6,0,0,0,0,0,0,0,0,0,0,0,0
2017,SDN,NL,asuajca01,89,78,89,84,0,0,1,84,0,0,0,0,0,0,0,9,0
2017,NYA,AL,austity01,20,11,20,14,0,0,8,0,0,0,0,0,7,7,6,3,0
2017,CHN,NL,avilaal01,35,25,35,30,0,28,3,0,0,0,0,0,0,0,0,7,0
2017,DET,AL,avilaal01,77,57,77,65,0,50,16,0,0,0,0,0,0,0,8,15,1
2017,LAN,NL,avilalu01,61,0,58,61,61,0,0,0,0,0,0,0,0,0,0,0,0
2017,MIA,NL,avilemi01,37,20,37,28,0,0,2,6,6,15,0,0,1,1,0,13,0
2017,OAK,AL,axforjo01,22,0,3,22,22,0,0,0,0,0,0,0,0,0,0,0,0
2017,SDN,NL,aybarer01,108,93,108,100,2,0,0,0,0,99,0,0,0,0,0,12,0
2017,SLN,NL,baderha01,32,20,32,27,0,0,0,0,0,0,7,20,3,27,0,6,3
2017,CHN,NL,baezja01,145,127,145,141,0,0,4,80,8,73,0,0,1,1,0,8,0
2017,LAN,NL,baezpe01,66,0,61,66,66,0,0,0,0,0,0,0,0,0,0,0,0
2017,LAA,AL,bailean01,4,0,1,4,4,0,0,0,0,0,0,0,0,0,0,0,0
2017,CIN,NL,baileho02,18,18,17,18,18,0,0,0,0,0,0,0,0,0,0,0,0
2017,ARI,NL,bandaan01,8,4,7,8,8,0,0,0,0,0,0,0,0,0,0,0,0
2017,MIL,NL,bandyje01,60,44,60,50,0,50,0,0,0,0,0,0,0,0,0,10,1
2017,PIT,NL,barbajo01,24,0,23,24,24,0,0,0,0,0,0,0,0,0,0,0,0
2017,LAN,NL,barneau01,102,53,102,76,0,55,0,21,1,0,0,0,0,0,1,34,0
2017,TOR,AL,barneda01,129,96,129,122,0,0,0,73,44,10,4,0,0,4,3,18,5
2017,TOR,AL,barneda02,60,0,4,60,60,0,0,0,0,0,0,0,0,0,0,0,0
2017,MIL,NL,barneja01,73,0,68,73,73,0,0,0,0,0,0,0,0,0,0,0,0
2017,BOS,AL,barnema01,70,0,4,70,70,0,0,0,0,0,0,0,0,0,0,0,0
2017,TEX,AL,barneto01,50,0,3,50,50,0,0,0,0,0,0,0,0,0,0,0,0
2017,CIN,NL,barnhtu01,121,105,121,110,0,110,0,0,0,0,0,0,0,0,0,12,1
2017,MIA,NL,barraky01,66,0,62,66,66,0,0,0,0,0,0,0,0,0,0,0,0
2017,OAK,AL,barrefr02,25,16,25,20,0,0,0,10,0,11,0,0,0,0,2,3,3
2017,ARI,NL,barreja01,28,0,28,28,28,0,0,0,0,0,0,0,0,0,0,0,0
2017,TEX,AL,bassan01,2,0,0,2,2,0,0,0,0,0,0,0,0,0,0,0,0
2017,PIT,NL,bastaan01,9,0,8,9,9,0,0,0,0,0,0,0,0,0,0,0,0
2017,CLE,AL,bauertr01,32,31,2,32,32,0,0,0,0,0,0,0,0,0,0,0,0
2017,SDN,NL,baumabu01,23,0,22,23,23,0,0,0,0,0,0,0,0,0,0,0,0
2017,TOR,AL,bautijo02,157,155,157,145,0,0,1,0,8,0,0,0,143,143,11,2,0
2017,WAS,NL,bautira01,17,4,17,13,0,0,0,0,0,0,1,1,11,13,0,6,2
2017,PHI,NL,beatope01,1,0,1,1,1,0,0,0,0,0,0,0,0,0,0,0,0
2017,CHA,AL,beckch02,57,0,5,57,57,0,0,0,0,0,0,0,0,0,0,0,0
2017,SEA,AL,beckhgo01,11,3,11,9,0,0,0,5,1,4,0,0,0,0,0,1,2
2017,BAL,AL,beckhti01,50,50,50,49,0,0,0,0,0,49,0,0,0,0,1,0,0
2017,TBA,AL,beckhti01,87,86,87,87,0,0,0,17,1,70,0,0,0,0,0,1,0
2017,LAA,AL,bedroca01,48,0,2,48,48,0,0,0,0,0,0,0,0,0,0,0,0
2017,MIN,AL,belisma01,62,0,6,62,62,0,0,0,0,0,0,0,0,0,0,0,0
2017,TOR,AL,belivje01,19,0,0,19,19,0,0,0,0,0,0,0,0,0,0,0,0
2017,DET,AL,bellch02,28,4,1,28,28,0,0,0,0,0,0,0,0,0,0,0,0
2017,LAN,NL,bellico01,132,127,132,128,0,0,93,0,0,0,39,4,5,46,1,4,0
2017,PIT,NL,belljo02,159,141,159,147,0,0,147,0,0,0,0,0,0,0,2,17,0
2017,SFN,NL,beltbr01,104,99,104,103,0,0,98,0,0,0,15,0,1,15,0,3,0
2017,TEX,AL,beltrad01,94,93,94,65,0,0,0,0,65,0,0,0,0,0,28,1,0
2017,HOU,AL,beltrca01,129,118,129,14,0,0,0,0,0,0,13,0,1,14,107,11,0
2017,BOS,AL,beninan01,151,143,151,149,0,0,0,0,0,0,123,30,0,149,0,8,0
2017,PHI,NL,benoijo01,44,0,41,44,44,0,0,0,0,0,0,0,0,0,0,0,0
2017,PIT,NL,benoijo01,8,0,7,8,8,0,0,0,0,0,0,0,0,0,0,0,0
2017,SEA,AL,bergmch01,13,8,1,13,13,0,0,0,0,0,0,0,0,0,0,0,0
2017,MIN,AL,berrijo01,26,25,3,26,26,0,0,0,0,0,0,0,0,0,0,0,0
2017,MIL,NL,berryqu01,7,0,7,3,0,0,0,0,0,0,2,1,0,3,0,1,5
2017,NYA,AL,betande01,66,0,6,66,66,0,0,0,0,0,0,0,0,0,0,0,0
2017,SDN,NL,bethach01,8,0,8,4,4,0,0,1,0,0,0,0,0,0,0,5,0
2017,COL,NL,bettich01,9,9,9,9,9,0,0,0,0,0,0,0,0,0,0,0,0
2017,BOS,AL,bettsmo01,153,153,153,153,0,0,0,0,0,0,0,0,153,153,0,0,0
2017,TOR,AL,biagijo01,44,18,4,44,44,0,0,0,0,0,0,0,0,0,0,0,0
2017,TEX,AL,bibenau01,24,6,2,24,24,0,0,0,0,0,0,0,0,0,0,0,0
2017,NYA,AL,birdgr01,48,41,48,46,0,0,46,0,0,0,0,0,0,0,2,6,0
2017,SFN,NL,blachty01,38,24,36,34,34,0,0,0,0,0,0,0,0,0,0,1,3
2017,COL,NL,blackch02,159,158,159,158,0,0,0,0,0,0,0,158,0,158,0,1,0
2017,OAK,AL,blackpa01,10,10,1,10,10,0,0,0,0,0,0,0,0,0,0,0,0
2017,ATL,NL,blairaa01,1,1,1,1,1,0,0,0,0,0,0,0,0,0,0,0,0
2017,PHI,NL,blancan01,80,20,80,46,1,0,11,15,16,4,0,0,0,0,1,35,0
2017,ARI,NL,blancgr01,90,52,90,72,0,0,0,0,0,0,44,35,6,72,0,17,6
2017,WAS,NL,blantjo01,51,0,48,51,51,0,0,0,0,0,0,0,0,0,0,0,0
2017,SDN,NL,blashja01,61,46,61,49,0,0,0,0,0,0,18,0,33,49,0,12,0
2017,MIL,NL,blazemi01,5,1,5,5,5,0,0,0,0,0,0,0,0,0,0,0,0
2017,BAL,AL,bleieri01,57,0,3,57,57,0,0,0,0,0,0,0,0,0,0,0,0
2017,NYN,NL,blevije01,75,0,70,75,75,0,0,0,0,0,0,0,0,0,0,0,0
2017,BOS,AL,bogaexa01,148,143,148,146,0,0,0,0,0,146,0,0,0,0,0,0,2
2017,TOR,AL,bolsimi01,11,5,0,11,11,0,0,0,0,0,0,0,0,0,0,0,0
2017,ATL,NL,bonifem01,38,2,38,10,0,0,0,0,0,0,8,1,2,10,0,30,3
2017,KCA,AL,bonifjo01,113,96,113,102,0,0,0,0,0,0,9,1,92,102,8,7,3
2017,CIN,NL,bonilli01,10,4,7,10,10,0,0,0,0,0,0,0,0,0,0,0,0
2017,PIT,NL,bormajo01,1,0,1,0,0,0,0,0,0,0,0,0,0,0,0,1,0
2017,MIN,AL,boshebu01,38,0,3,38,38,0,0,0,0,0,0,0,0,0,0,0,0
2017,PIT,NL,bostich01,20,4,20,6,0,0,0,3,0,0,3,0,0,3,0,13,2
2017,TBA,AL,bourjpe01,100,46,100,86,0,0,0,0,0,0,41,37,14,86,2,10,14
2017,MIA,NL,bourju01,108,101,108,102,0,0,102,0,0,0,0,0,0,0,1,6,1
2017,SLN,NL,bowmama01,76,0,71,75,75,0,0,0,0,0,0,0,0,0,0,0,1
2017,TBA,AL,boxbebr01,30,0,3,30,30,0,0,0,0,0,0,0,0,0,0,0,0
2017,DET,AL,boydma01,26,25,2,26,26,0,0,0,0,0,0,0,0,0,0,0,0
2017,BOS,AL,boyerbl01,32,0,0,32,32,0,0,0,0,0,0,0,0,0,0,0,0
2017,BAL,AL,brachbr01,67,0,5,67,67,0,0,0,0,0,0,0,0,0,0,0,0
2017,ARI,NL,brachsi01,21,0,17,21,21,0,0,0,0,0,0,0,0,0,0,0,0
2017,NYN,NL,bradfch02,28,0,25,28,28,0,0,0,0,0,0,0,0,0,0,0,0
2017,ARI,NL,bradlar01,63,0,60,63,63,0,0,0,0,0,0,0,0,0,0,0,0
2017,BOS,AL,bradlja02,133,131,133,132,0,0,0,0,0,0,0,132,0,132,0,2,0
2017,OAK,AL,bradymi01,16,0,0,16,16,0,0,0,0,0,0,0,0,0,0,0,0
2017,CLE,AL,brantmi02,90,87,90,87,0,0,0,0,0,0,87,0,0,87,2,3,0
2017,CHA,AL,brantro01,14,9,13,7,1,6,0,0,0,0,0,0,0,0,4,3,0
2017,PIT,NL,braulst01,12,4,12,11,11,0,0,0,0,0,0,0,0,0,0,1,0
2017,MIL,NL,braunry02,104,99,104,95,0,0,0,0,0,0,95,0,0,95,4,5,0
2017,SLN,NL,brebbjo01,50,0,46,50,50,0,0,0,0,0,0,0,0,0,0,0,0
2017,HOU,AL,bregmal01,155,148,155,153,0,0,0,4,132,30,0,0,0,0,2,2,2
2017,CLE,AL,breslcr01,7,0,0,7,7,0,0,0,0,0,0,0,0,0,0,0,0
2017,MIN,AL,breslcr01,30,0,2,30,30,0,0,0,0,0,0,0,0,0,0,0,0
2017,CIN,NL,briceau01,22,0,21,22,22,0,0,0,0,0,0,0,0,0,0,0,0
2017,LAA,AL,bridwpa01,21,20,0,21,21,0,0,0,0,0,0,0,0,0,0,0,0
2017,MIL,NL,brinsle01,21,12,21,16,0,0,0,0,0,0,8,8,0,16,0,6,0
2017,BAL,AL,brittza01,38,0,1,38,38,0,0,0,0,0,0,0,0,0,0,0,0
2017,ATL,NL,brothre01,27,0,27,27,27,0,0,0,0,0,0,0,0,0,0,0,0
2017,SLN,NL,broxtjo01,20,0,19,20,20,0,0,0,0,0,0,0,0,0,0,0,0
2017,MIL,NL,broxtke01,143,113,143,139,0,0,0,0,0,0,0,139,0,139,0,15,3
2017,CLE,AL,bruceja01,43,41,43,41,0,0,1,0,0,0,0,0,41,41,1,2,0
2017,NYN,NL,bruceja01,103,103,103,101,0,0,11,0,0,0,0,0,92,92,2,0,0
2017,OAK,AL,brugmja01,48,40,48,43,0,0,0,0,0,0,4,40,1,43,0,6,1
2017,CHN,NL,bryankr01,151,149,151,150,0,0,2,0,144,0,2,2,7,9,0,1,0
2017,CIN,NL,buchaja01,5,0,4,5,5,0,0,0,0,0,0,0,0,0,0,0,0
2017,PHI,NL,buchhcl01,2,2,2,2,2,0,0,0,0,0,0,0,0,0,0,0,0
2017,KCA,AL,buchtry01,29,0,1,29,29,0,0,0,0,0,0,0,0,0,0,0,0
2017,SDN,NL,buchtry01,42,0,38,42,42,0,0,0,0,0,0,0,0,0,0,0,0
2017,LAN,NL,buehlwa01,8,0,8,8,8,0,0,0,0,0,0,0,0,0,0,0,0
2017,SFN,NL,bumgama01,17,17,15,17,17,0,0,0,0,0,0,0,0,0,0,0,0
2017,CHA,AL,bummeaa01,30,0,2,30,30,0,0,0,0,0,0,0,0,0,0,0,0
2017,BAL,AL,bundydy01,28,28,0,28,28,0,0,0,0,0,0,0,0,0,0,0,0
2017,KCA,AL,burnsbi02,7,0,7,5,0,0,0,0,0,0,0,4,1,5,0,1,2
2017,MIN,AL,busenal01,28,0,3,28,28,0,0,0,0,0,0,0,0,0,0,0,0
2017,TEX,AL,bushma01,57,0,1,57,57,0,0,0,0,0,0,0,0,0,0,0,0
2017,KCA,AL,buterdr01,75,43,75,75,0,74,4,0,0,0,0,0,0,0,0,2,1
2017,CHN,NL,butleed01,13,11,12,13,13,0,0,0,0,0,0,0,0,0,0,0,0
2017,MIN,AL,buxtoby01,140,131,140,137,0,0,0,0,0,0,0,137,0,137,1,0,5
2017,NYN,NL,cabreas01,135,117,135,119,0,0,0,32,44,45,0,0,0,0,1,16,1
2017,CHA,AL,cabreme01,98,97,98,92,0,0,0,0,0,0,92,0,0,92,5,1,0
2017,KCA,AL,cabreme01,58,58,58,54,0,0,0,0,0,0,12,0,46,54,4,0,0
2017,DET,AL,cabremi01,130,129,130,115,0,0,115,0,0,0,0,0,0,0,14,1,0
2017,KCA,AL,cahiltr01,10,3,1,10,10,0,0,0,0,0,0,0,0,0,0,0,0
2017,SDN,NL,cahiltr01,11,11,9,11,11,0,0,0,0,0,0,0,0,0,0,0,0
2017,KCA,AL,cainlo01,155,154,155,151,0,0,0,0,0,0,0,151,0,151,3,0,1
2017,SFN,NL,cainma01,27,23,24,27,27,0,0,0,0,0,0,0,0,0,0,0,0
2017,LAA,AL,calhoko01,155,153,155,154,0,0,0,0,0,0,0,0,154,154,0,2,0
2017,TEX,AL,calhowi01,13,9,13,11,0,0,0,0,0,0,11,0,0,11,1,1,0
2017,SFN,NL,calixor01,29,11,29,19,0,0,0,0,5,4,9,2,3,11,1,7,4
2017,NYN,NL,callaja01,9,0,8,9,9,0,0,0,0,0,0,0,0,0,0,0,0
2017,ATL,NL,camarjo01,82,60,82,70,0,0,0,9,43,26,1,0,0,1,0,14,3
2017,TOR,AL,campole01,13,0,0,13,13,0,0,0,0,0,0,0,0,0,0,0,0
2017,CHN,NL,candeje01,11,8,11,10,0,0,1,0,9,0,0,0,0,0,0,2,0
2017,DET,AL,candeje01,27,25,27,27,0,0,0,0,27,0,0,0,0,0,0,2,0
2017,OAK,AL,canhama01,57,46,57,53,0,0,3,0,0,0,20,19,22,53,2,8,0
2017,SEA,AL,canoro01,150,148,150,150,0,0,0,150,0,0,0,0,0,0,0,2,0
2017,SDN,NL,cappsca01,11,0,11,11,11,0,0,0,0,0,0,0,0,0,0,0,0
2017,CHN,NL,caratvi01,31,10,31,21,0,12,8,0,0,0,1,0,1,1,0,15,0
2017,COL,NL,cardust01,15,6,15,8,0,0,0,0,0,0,6,0,2,8,0,8,0
2017,COL,NL,carlesh01,3,0,3,3,3,0,0,0,0,0,0,0,0,0,0,0,0
2017,SLN,NL,carpema01,145,141,145,140,0,0,120,13,16,0,0,0,0,0,2,3,0
2017,CLE,AL,carraca01,32,32,2,32,32,0,0,0,0,0,0,0,0,0,0,0,0
2017,TOR,AL,carreez01,131,71,131,121,0,0,0,0,0,0,91,10,27,121,2,17,17
2017,NYA,AL,cartech02,62,49,62,56,0,0,56,0,0,0,0,0,2,2,1,6,0
2017,TBA,AL,casalcu01,9,2,9,8,0,8,0,0,0,0,0,0,0,0,0,3,0
2017,TEX,AL,cashnan01,28,28,2,28,28,0,0,0,0,0,0,0,0,0,0,0,0
2017,DET,AL,casteni01,157,155,157,149,0,0,0,0,129,0,0,0,21,21,7,2,0
2017,LAN,NL,castifa01,2,0,2,2,2,0,0,0,0,0,0,0,0,0,0,0,0
2017,CIN,NL,castilu02,15,15,14,15,15,0,0,0,0,0,0,0,0,0,0,0,0
2017,BAL,AL,castiwe01,96,92,96,88,0,88,0,0,0,0,0,0,0,0,6,3,0
2017,MIN,AL,castrja01,110,104,110,108,0,108,0,0,0,0,0,0,0,0,0,3,0
2017,BAL,AL,castrmi01,39,1,2,39,39,0,0,0,0,0,0,0,0,0,0,0,0
2017,OAK,AL,castrsi01,26,0,3,26,26,0,0,0,0,0,0,0,0,0,0,0,0
2017,NYA,AL,castrst01,112,110,112,109,0,0,0,109,0,0,0,0,0,0,2,2,0
2017,NYN,NL,cecchga02,32,18,32,20,0,0,0,20,0,0,0,0,0,0,0,12,0
2017,SLN,NL,cecilbr01,73,0,68,73,73,0,0,0,0,0,0,0,0,0,0,0,0
2017,TOR,AL,cecilda01,3,1,3,2,0,0,0,0,0,0,1,1,0,2,1,1,1
2017,TBA,AL,cedenxa01,9,0,0,9,9,0,0,0,0,0,0,0,0,0,0,0,0
2017,HOU,AL,centeju01,22,15,22,22,0,22,0,0,0,0,0,0,0,0,0,1,0
2017,PIT,NL,cervefr01,81,75,81,78,0,78,0,0,0,0,0,0,0,0,0,5,0
2017,MIA,NL,cervehu01,5,0,4,5,5,0,0,0,0,0,0,0,0,0,0,0,0
2017,NYN,NL,cespeyo01,81,76,81,74,0,0,0,0,0,0,74,0,0,74,1,5,0
2017,NYA,AL,cessalu01,10,5,0,10,10,0,0,0,0,0,0,0,0,0,0,0,0
2017,CIN,NL,chacial01,6,0,6,6,6,0,0,0,0,0,0,0,0,0,0,0,0
2017,SDN,NL,chacijh01,34,32,33,32,32,0,0,0,0,0,0,0,0,0,0,2,0
2017,ARI,NL,chafian01,71,0,68,71,71,0,0,0,0,0,0,0,0,0,0,0,0
2017,NYA,AL,chapmar01,52,0,7,52,52,0,0,0,0,0,0,0,0,0,0,0,0
2017,OAK,AL,chapmma01,84,83,84,84,0,0,0,0,84,0,0,0,0,0,0,0,0
2017,COL,NL,chatwty01,35,25,33,33,33,0,0,0,0,0,0,0,0,0,0,0,2
2017,LAA,AL,chaveje01,38,21,4,38,38,0,0,0,0,0,0,0,0,0,0,0,0
2017,MIA,NL,chenwe02,9,5,8,9,9,0,0,0,0,0,0,0,0,0,0,0,0
2017,TEX,AL,chiriro01,88,82,88,85,0,85,0,0,0,0,0,0,0,0,2,1,0
2017,CLE,AL,chiselo01,82,60,82,76,0,0,7,0,0,0,11,19,45,75,0,18,0
2017,NYA,AL,choiji01,6,4,6,6,0,0,6,0,0,0,0,0,0,0,0,2,0
2017,TEX,AL,choosh01,149,140,149,77,0,0,0,0,0,0,0,0,77,77,65,8,0
2017,CIN,NL,cingrto01,25,0,22,25,25,0,0,0,0,0,0,0,0,0,0,0,0
2017,LAN,NL,cingrto01,22,0,21,22,22,0,0,0,0,0,0,0,0,0,0,0,0
2017,SEA,AL,cishest01,23,0,0,23,23,0,0,0,0,0,0,0,0,0,0,0,0
2017,TBA,AL,cishest01,26,0,2,26,26,0,0,0,0,0,0,0,0,0,0,0,0
2017,TEX,AL,claibpr01,1,0,0,1,1,0,0,0,0,0,0,0,0,0,0,0,0
2017,TEX,AL,claudal01,70,1,7,70,70,0,0,0,0,0,0,0,0,0,0,0,0
2017,CLE,AL,clevimi01,27,21,2,27,27,0,0,0,0,0,0,0,0,0,0,0,0
2017,CHA,AL,clippty01,11,0,1,11,11,0,0,0,0,0,0,0,0,0,0,0,0
2017,HOU,AL,clippty01,16,0,1,16,16,0,0,0,0,0,0,0,0,0,0,0,0
2017,NYA,AL,clippty01,40,0,5,40,40,0,0,0,0,0,0,0,0,0,0,0,0
2017,SEA,AL,cloydty01,1,0,0,1,1,0,0,0,0,0,0,0,0,0,0,0,0
2017,TBA,AL,cobbal01,29,29,2,29,29,0,0,0,0,0,0,0,0,0,0,0,0
2017,TOR,AL,coghlch01,36,22,36,29,0,0,0,3,18,0,8,0,0,8,1,10,1
2017,WAS,NL,coleaj01,11,8,11,11,11,0,0,0,0,0,0,0,0,0,0,0,0
2017,PIT,NL,colege01,34,33,32,33,33,0,0,0,0,0,0,0,0,0,0,1,0
2017,SDN,NL,colemdu01,27,19,27,27,0,0,0,0,0,27,0,0,0,0,0,1,0
2017,TOR,AL,coleta01,1,0,0,1,1,0,0,0,0,0,0,0,0,0,0,0,0
2017,DET,AL,collity01,49,39,49,44,0,0,0,0,0,0,4,26,17,44,0,7,1
2017,ATL,NL,collmjo01,11,0,10,11,11,0,0,0,0,0,0,0,0,0,0,0,0
2017,TBA,AL,colomal01,65,0,6,65,65,0,0,0,0,0,0,0,0,0,0,0,0
2017,ATL,NL,colonba01,13,13,10,13,13,0,0,0,0,0,0,0,0,0,0,0,0
2017,MIN,AL,colonba01,15,15,2,15,15,0,0,0,0,0,0,0,0,0,0,0,0
2017,KCA,AL,colonch01,7,6,7,6,0,0,0,6,0,0,0,0,0,0,0,0,1
2017,MIA,NL,colonch01,17,10,17,14,0,0,0,4,10,0,0,0,0,0,0,2,1
2017,NYN,NL,confomi01,109,93,109,97,0,0,0,0,0,0,52,43,11,97,1,13,0
2017,MIA,NL,conlead01,22,20,20,22,22,0,0,0,0,0,0,0,0,0,0,0,0
2017,CHN,NL,contrwi01,117,95,117,114,0,108,5,0,1,0,4,0,2,6,0,15,0
2017,NYA,AL,coopega03,13,13,13,13,0,0,13,0,0,0,0,0,0,0,0,0,0
2017,ARI,NL,corbipa01,35,32,33,33,33,0,0,0,0,0,0,0,0,0,0,1,1
2017,SDN,NL,cordefr02,30,23,30,26,0,0,0,0,0,0,1,25,0,26,0,7,0
2017,SDN,NL,cordoal01,100,42,100,76,0,0,0,1,3,28,43,7,3,49,0,29,4
2017,HOU,AL,correca01,109,109,109,108,0,0,0,0,0,108,0,0,0,0,1,0,0
2017,SDN,NL,cosarja01,7,6,7,7,7,0,0,0,0,0,0,0,0,0,0,0,0
2017,OAK,AL,cottojh01,24,24,1,24,24,0,0,0,0,0,0,0,0,0,0,0,0
2017,OAK,AL,couloda01,72,0,7,72,72,0,0,0,0,0,0,0,0,0,0,0,0
2017,CHA,AL,coveydy01,18,12,1,18,18,0,0,0,0,0,0,0,0,0,0,0,0
2017,LAA,AL,cowarka01,50,28,50,46,0,0,0,30,24,0,0,0,0,0,0,5,5
2017,CIN,NL,cozarza01,122,113,122,112,0,0,0,0,0,112,0,0,0,0,1,9,0
2017,SFN,NL,crawfbr01,144,135,144,138,0,0,0,0,0,138,0,0,0,0,0,8,0
2017,PHI,NL,crawfjp01,23,21,23,21,0,0,0,4,13,6,0,0,0,0,0,2,0
2017,BAL,AL,crichst01,8,0,0,8,8,0,0,0,0,0,0,0,0,0,0,0,0
2017,SFN,NL,crickky01,30,0,27,30,30,0,0,0,0,0,0,0,0,0,0,0,0
2017,CLE,AL,crockky01,4,0,1,4,4,0,0,0,0,0,0,0,0,0,0,0,0
2017,LAA,AL,croncj01,100,92,100,98,0,0,98,0,0,0,0,0,0,0,0,5,0
2017,SEA,AL,cruzne02,155,151,155,5,0,0,0,0,0,0,0,0,5,5,147,4,0
2017,SFN,NL,cuetojo01,25,25,25,25,25,0,0,0,0,0,0,0,0,0,0,0,0
2017,DET,AL,cuevawi01,1,0,0,1,1,0,0,0,0,0,0,0,0,0,0,0,0
2017,LAN,NL,culbech01,15,2,15,14,0,0,0,2,1,11,0,0,0,0,0,2,0
2017,MIN,AL,curtijo02,9,0,0,9,9,0,0,0,0,0,0,0,0,0,0,0,0
2017,PHI,NL,curtiza01,3,0,3,3,3,0,0,0,0,0,0,0,0,0,0,0,0
2017,SEA,AL,curtiza01,3,0,0,3,3,0,0,0,0,0,0,0,0,0,0,0,0
2017,KCA,AL,cuthbch01,58,36,58,51,0,0,6,3,44,0,0,0,0,0,5,3,1
2017,CHA,AL,danisty01,1,1,0,1,1,0,0,0,0,0,0,0,0,0,0,0,0
2017,ATL,NL,darnach01,11,1,11,5,0,0,0,0,1,0,4,0,0,4,0,4,5
2017,BOS,AL,darnach01,2,0,2,1,0,0,0,1,0,0,0,0,0,0,0,1,1
2017,SDN,NL,darnach01,22,10,22,15,0,0,1,3,2,10,0,0,1,1,0,8,1
2017,NYN,NL,darnatr01,112,90,112,94,0,93,0,1,1,0,0,0,0,0,1,18,1
2017,LAN,NL,darviyu01,9,9,9,9,9,0,0,0,0,0,0,0,0,0,0,0,0
2017,TEX,AL,darviyu01,22,22,0,22,22,0,0,0,0,0,0,0,0,0,0,0,0
2017,CHA,AL,davidma02,118,107,118,51,0,0,19,0,34,0,0,0,0,0,60,10,0
2017,MIL,NL,davieza01,33,33,32,33,33,0,0,0,0,0,0,0,0,0,0,0,0
2017,BAL,AL,davisch02,128,127,128,126,0,0,125,0,2,0,0,0,0,0,2,0,0
2017,HOU,AL,davisjd01,25,14,24,25,2,0,2,0,22,0,0,0,0,0,0,5,0
2017,OAK,AL,daviskh01,153,152,153,116,0,0,0,0,0,0,116,0,0,116,37,1,0
2017,BOS,AL,davisra01,17,8,17,14,0,0,0,0,0,0,6,4,4,14,2,1,3
2017,OAK,AL,davisra01,100,73,100,98,0,0,0,0,0,0,19,79,3,98,0,15,2
2017,CIN,NL,davisro03,7,6,7,7,7,0,0,0,0,0,0,0,0,0,0,0,0
2017,CHN,NL,davista01,8,2,8,5,0,1,2,0,2,0,0,0,0,0,0,3,0
2017,CHN,NL,daviswa01,59,0,56,59,59,0,0,0,0,0,0,0,0,0,0,0,0
2017,LAN,NL,daytogr01,29,0,26,29,29,0,0,0,0,0,0,0,0,0,0,0,0
2017,WAS,NL,deazaal01,28,14,28,23,0,0,0,0,0,0,13,1,14,23,0,8,2
2017,OAK,AL,deckeja01,17,15,17,15,0,0,0,0,0,0,1,12,4,15,0,2,0
2017,NYN,NL,degroja01,37,31,34,31,31,0,0,0,0,0,0,0,0,0,0,5,1
2017,SEA,AL,dejonch01,7,4,0,7,7,0,0,0,0,0,0,0,0,0,0,0,0
2017,SLN,NL,dejonpa01,108,104,108,104,0,0,0,20,0,86,0,0,0,0,0,4,0
2017,ARI,NL,delarjo01,66,0,64,66,66,0,0,0,0,0,0,0,0,0,0,0,0
2017,ARI,NL,delarru01,9,0,9,9,9,0,0,0,0,0,0,0,0,0,0,0,0
2017,TBA,AL,deleojo03,1,0,0,1,1,0,0,0,0,0,0,0,0,0,0,0,0
2017,ARI,NL,delgara01,26,5,25,26,26,0,0,0,0,0,0,0,0,0,0,0,0
2017,CHA,AL,delmoni01,43,39,43,31,0,0,4,0,0,0,27,0,0,27,11,3,1
2017,DET,AL,dendema01,4,1,4,3,0,0,0,0,0,0,1,0,2,3,0,1,1
2017,TOR,AL,dermoma01,23,0,1,23,23,0,0,0,0,0,0,0,0,0,0,0,0
2017,ARI,NL,descada01,131,83,130,105,2,0,19,45,15,1,36,0,0,36,1,35,0
2017,TEX,AL,deshide02,120,102,120,106,0,0,0,0,0,0,60,51,0,106,9,3,11
2017,COL,NL,desmoia01,95,88,95,90,0,0,27,0,0,1,66,1,0,67,0,5,0
2017,MIA,NL,despaod01,18,8,18,18,18,0,0,0,0,0,0,0,0,0,0,0,0
2017,HOU,AL,devench02,62,0,3,62,62,0,0,0,0,0,0,0,0,0,0,0,0
2017,BOS,AL,deverra01,58,56,58,56,0,0,0,0,56,0,0,0,0,0,1,2,0
2017,SLN,NL,diazal02,79,69,79,74,0,0,0,1,4,68,3,0,0,3,0,8,1
2017,HOU,AL,diazda01,10,1,0,10,10,0,0,0,0,0,0,0,0,0,0,0,0
2017,SEA,AL,diazed04,66,0,6,66,66,0,0,0,0,0,0,0,0,0,0,0,0
2017,PIT,NL,diazel01,64,44,64,55,0,55,0,0,0,0,0,0,0,0,0,15,0
2017,COL,NL,diazja01,4,0,4,4,4,0,0,0,0,0,0,0,0,0,0,0,0
2017,TBA,AL,diazju03,31,0,2,31,31,0,0,0,0,0,0,0,0,0,0,0,0
2017,SDN,NL,diazmi02,31,3,31,31,31,0,0,0,0,0,0,0,0,0,0,0,0
2017,CLE,AL,diazya01,49,45,49,43,0,0,0,0,40,0,3,0,0,3,6,3,0
2017,TBA,AL,dickeco01,150,139,150,93,0,0,0,0,0,0,93,0,0,93,55,11,0
2017,ATL,NL,dickera01,31,31,30,31,31,0,0,0,0,0,0,0,0,0,0,0,0
2017,LAN,NL,dicksok01,7,1,7,5,0,0,0,0,0,0,5,0,0,5,0,5,0
2017,TEX,AL,diekmja01,11,0,1,11,11,0,0,0,0,0,0,0,0,0,0,0,0
2017,MIA,NL,dietrde01,135,105,135,122,0,0,10,10,103,0,5,0,0,5,0,19,0
2017,WAS,NL,difowi01,124,74,124,91,0,0,0,25,6,57,2,1,3,6,1,31,7
2017,TOR,AL,donaljo02,113,112,113,105,0,0,0,0,105,4,0,0,0,0,7,1,0
2017,OAK,AL,doolise01,23,0,0,23,23,0,0,0,0,0,0,0,0,0,0,0,0
2017,WAS,NL,doolise01,30,0,27,30,30,0,0,0,0,0,0,0,0,0,0,0,0
2017,MIN,AL,doziebr01,152,151,152,152,0,0,0,152,0,0,0,0,0,0,0,1,0
2017,BAL,AL,drakeol01,3,0,0,3,3,0,0,0,0,0,0,0,0,0,0,0,0
2017,MIL,NL,drakeol01,61,0,58,61,61,0,0,0,0,0,0,0,0,0,0,0,0
2017,WAS,NL,drewst01,46,20,46,25,0,0,0,2,11,13,0,0,0,0,0,24,0
2017,ARI,NL,drurybr01,135,113,135,114,0,0,0,114,1,0,0,0,0,0,3,20,0
2017,NYN,NL,dudalu01,75,67,75,69,0,0,69,0,0,0,0,0,0,0,0,6,0
2017,TBA,AL,dudalu01,52,47,52,24,0,0,24,0,0,0,0,0,0,0,24,5,0
2017,CHN,NL,duensbr01,68,0,65,68,68,0,0,0,0,0,0,0,0,0,0,0,0
2017,MIN,AL,duffety01,56,0,2,56,56,0,0,0,0,0,0,0,0,0,0,0,0
2017,KCA,AL,duffyda01,24,24,1,24,24,0,0,0,0,0,0,0,0,0,0,0,0
2017,SLN,NL,dukeza01,27,0,25,27,27,0,0,0,0,0,0,0,0,0,0,0,0
2017,OAK,AL,dullry01,49,0,3,49,49,0,0,0,0,0,0,0,0,0,0,0,0
2017,COL,NL,dunnmi01,68,0,63,68,68,0,0,0,0,0,0,0,0,0,0,0,0
2017,CIN,NL,duvalad01,157,149,157,151,0,0,3,0,0,0,151,0,0,151,2,6,0
2017,SEA,AL,dysonja01,111,99,111,108,0,0,0,0,0,0,12,96,0,108,1,4,3
2017,SFN,NL,dysonsa01,38,0,36,38,38,0,0,0,0,0,0,0,0,0,0,0,0
2017,TEX,AL,dysonsa01,17,0,0,17,17,0,0,0,0,0,0,0,0,0,0,0,0
2017,WAS,NL,eatonad02,23,22,23,23,0,0,0,0,0,0,5,20,2,23,0,1,0
2017,NYN,NL,edginjo01,46,0,44,46,46,0,0,0,0,0,0,0,0,0,0,0,0
2017,CHN,NL,edwarca01,74,0,68,73,73,0,0,0,0,0,0,0,0,0,0,0,1
2017,PHI,NL,eflinza01,11,11,10,11,11,0,0,0,0,0,0,0,0,0,0,0,0
2017,LAN,NL,eibnebr01,17,7,17,11,0,0,0,0,0,0,6,5,3,11,0,5,1
2017,PHI,NL,eickhje01,24,24,21,24,24,0,0,0,0,0,0,0,0,0,0,0,0
2017,BOS,AL,eliasro01,1,0,0,1,1,0,0,0,0,0,0,0,0,0,0,0,0
2017,MIA,NL,ellinbr02,42,0,40,42,42,0,0,0,0,0,0,0,0,0,0,0,0
2017,MIA,NL,ellisaj01,51,36,51,39,0,39,0,0,0,0,0,0,0,0,0,12,0
2017,NYA,AL,ellsbja01,112,93,112,97,0,0,0,0,0,0,0,97,0,97,8,10,7
2017,CLE,AL,encared01,157,155,157,23,0,0,23,0,0,0,0,0,0,0,132,2,0
2017,CHA,AL,engelad01,97,91,97,96,0,0,0,0,0,0,1,95,0,96,0,1,1
2017,MIN,AL,ennsdi01,2,1,1,2,2,0,0,0,0,0,0,0,0,0,0,0,0
2017,CIN,NL,ervinph01,28,11,28,18,0,0,0,0,0,0,5,9,5,18,0,10,2
2017,SDN,NL,eschja01,1,0,1,1,1,0,0,0,0,0,0,0,0,0,0,0,0
2017,KCA,AL,escobal02,162,162,162,162,0,0,0,0,0,162,0,0,0,0,0,0,0
2017,MIN,AL,escobed01,129,113,129,104,0,1,0,9,79,16,2,0,0,2,20,15,0
2017,LAA,AL,escobyu01,89,88,89,87,0,0,0,0,87,0,0,0,0,0,1,1,0
2017,LAA,AL,espinda01,77,64,77,71,0,0,0,71,0,0,0,0,0,0,1,7,3
2017,SEA,AL,espinda01,8,4,8,8,0,0,2,1,3,2,0,0,0,0,0,1,1
2017,TBA,AL,espinda01,8,6,8,7,0,0,0,6,1,2,0,0,0,0,0,1,0
2017,MIL,NL,espinpa01,6,2,6,6,6,0,0,0,0,0,0,0,0,0,0,0,0
2017,TEX,AL,espinpa01,6,0,0,6,6,0,0,0,0,0,0,0,0,0,0,0,0
2017,COL,NL,estevca01,35,0,32,35,35,0,0,0,0,0,0,0,0,0,0,0,0
2017,TOR,AL,estrama01,33,33,2,33,33,0,0,0,0,0,0,0,0,0,0,0,0
2017,LAN,NL,ethiean01,22,8,22,8,0,0,0,0,0,0,8,0,0,8,0,14,0
2017,NYN,NL,evansph01,19,6,19,8,0,0,0,2,6,0,0,0,0,0,0,13,0
2017,NYN,NL,familje01,26,0,25,26,26,0,0,0,0,0,0,0,0,0,0,0,0
2017,TBA,AL,fariaja01,16,14,0,16,16,0,0,0,0,0,0,0,0,0,0,0,0
2017,DET,AL,farmebu01,11,11,0,11,11,0,0,0,0,0,0,0,0,0,0,0,0
2017,LAN,NL,farmeky01,20,1,20,8,0,3,1,0,4,0,0,0,0,0,0,13,0
2017,CHA,AL,farquda01,15,0,0,15,15,0,0,0,0,0,0,0,0,0,0,0,0
2017,TBA,AL,farquda01,37,0,2,37,37,0,0,0,0,0,0,0,0,0,0,0,0
2017,CIN,NL,farrelu01,9,0,9,9,9,0,0,0,0,0,0,0,0,0,0,0,0
2017,KCA,AL,farrelu01,1,1,0,1,1,0,0,0,0,0,0,0,0,0,0,0,0
2017,TBA,AL,feathta01,17,10,17,17,0,0,2,11,2,3,0,0,0,0,0,3,0
2017,WAS,NL,feddeer01,3,3,3,3,3,0,0,0,0,0,0,0,0,0,0,0,0
2017,SFN,NL,federti01,13,1,13,7,0,6,1,0,0,0,0,0,0,0,0,7,0
2017,CIN,NL,feldmsc01,21,21,20,21,21,0,0,0,0,0,0,0,0,0,0,0,0
2017,HOU,AL,felizmi01,46,0,3,46,46,0,0,0,0,0,0,0,0,0,0,0,0
2017,KCA,AL,felizne01,20,0,3,20,20,0,0,0,0,0,0,0,0,0,0,0,0
2017,MIL,NL,felizne01,29,0,27,29,29,0,0,0,0,0,0,0,0,0,0,0,0
2017,DET,AL,ferreje01,11,0,1,11,11,0,0,0,0,0,0,0,0,0,0,0,0
2017,LAN,NL,fieldjo03,57,0,55,57,57,0,0,0,0,0,0,0,0,0,0,0,0
2017,PHI,NL,fienca01,4,0,3,4,4,0,0,0,0,0,0,0,0,0,0,0,0
2017,SEA,AL,fienca01,6,0,0,6,6,0,0,0,0,0,0,0,0,0,0,0,0
2017,HOU,AL,fiersmi01,30,28,2,29,29,0,0,0,0,0,0,0,0,0,0,0,1
2017,CIN,NL,finnebr01,5,4,5,4,4,0,0,0,0,0,0,0,0,0,0,1,0
2017,HOU,AL,fishede01,53,39,53,48,0,0,0,0,0,0,38,3,12,48,3,5,5
2017,BOS,AL,fistedo01,18,15,1,18,18,0,0,0,0,0,0,0,0,0,0,0,0
2017,SLN,NL,flaheja01,6,5,6,6,6,0,0,0,0,0,0,0,0,0,0,0,0
2017,BAL,AL,flahery01,23,9,23,21,0,0,0,12,5,5,1,0,1,2,0,2,2
2017,NYN,NL,flexech01,14,9,13,14,14,0,0,0,0,0,0,0,0,0,0,0,0
2017,LAA,AL,florera02,3,3,3,3,0,0,0,0,0,0,0,0,3,3,0,0,0
2017,NYN,NL,florewi01,110,80,110,90,0,0,29,12,55,0,0,0,0,0,1,21,0
2017,PHI,NL,floripe01,15,12,15,14,0,0,0,1,1,2,1,8,2,11,0,1,0
2017,CHN,NL,florody01,3,0,3,3,3,0,0,0,0,0,0,0,0,0,0,0,0
2017,ATL,NL,flowety01,99,86,99,85,0,85,0,0,0,0,0,0,0,0,1,13,0
2017,KCA,AL,flynnbr01,1,0,0,1,1,0,0,0,0,0,0,0,0,0,0,0,0
2017,ATL,NL,foltymi01,29,28,28,29,29,0,0,0,0,0,0,0,0,0,0,0,0
2017,LAA,AL,fontano01,12,5,12,9,0,0,0,9,0,0,0,0,0,0,1,1,3
2017,LAN,NL,fontwi01,3,0,3,3,3,0,0,0,0,0,0,0,0,0,0,0,0
2017,LAN,NL,forsylo01,119,101,119,113,0,0,1,80,42,2,3,0,0,3,0,13,0
2017,SLN,NL,fowlede01,118,109,118,109,0,0,0,0,0,0,0,109,0,109,1,8,0
2017,NYA,AL,fowledu01,1,1,1,1,0,0,0,0,0,0,0,0,1,1,0,0,0
2017,PHI,NL,francma02,154,147,154,146,0,0,2,0,144,0,0,0,0,0,2,7,0
2017,LAA,AL,frankni01,13,8,13,11,0,0,0,8,0,0,3,0,0,3,0,3,0
2017,MIL,NL,frankni01,53,14,53,18,0,0,0,1,0,1,16,0,2,17,0,37,0
2017,CHN,NL,frankse01,1,0,1,1,1,0,0,0,0,0,0,0,0,0,0,0,0
2017,PIT,NL,fraziad01,121,93,121,105,0,0,0,42,1,1,52,4,15,67,1,24,1
2017,NYA,AL,frazicl01,39,35,39,37,0,0,0,0,0,0,30,0,7,37,2,2,1
2017,CHA,AL,frazito01,81,80,81,68,0,0,4,0,67,0,0,0,0,0,12,1,0
2017,NYA,AL,frazito01,66,61,66,66,0,0,0,0,66,0,0,0,0,0,0,2,0
2017,COL,NL,freelky01,35,28,33,33,33,0,0,0,0,0,0,0,0,0,0,2,0
2017,ATL,NL,freemfr01,117,116,117,117,0,0,105,0,16,0,0,0,0,0,0,1,0
2017,CHN,NL,freemmi01,15,4,15,12,0,0,0,3,0,10,0,0,0,0,0,3,3
2017,LAN,NL,freemmi01,4,0,4,1,0,0,0,0,1,0,0,0,0,0,0,3,0
2017,SEA,AL,freemmi01,16,6,16,7,1,0,3,3,2,0,0,0,0,0,1,8,1
2017,ATL,NL,freemsa01,58,0,54,58,58,0,0,0,0,0,0,0,0,0,0,0,0
2017,PIT,NL,freesda01,130,119,130,117,0,0,3,0,116,0,0,0,0,0,3,11,0
2017,ATL,NL,freitda01,6,5,6,6,0,6,0,0,0,0,0,0,0,0,0,0,0
2017,ATL,NL,friedma01,10,4,10,9,9,0,0,0,0,0,0,0,0,0,0,0,1
2017,TEX,AL,frierer01,6,0,0,6,6,0,0,0,0,0,0,0,0,0,0,0,0
2017,SLN,NL,fryerer01,34,15,34,26,0,26,0,0,0,0,0,0,0,0,0,13,1
2017,CHA,AL,fryja01,11,0,0,11,11,0,0,0,0,0,0,0,0,0,0,0,0
2017,ARI,NL,fuentre01,64,29,64,53,0,0,0,0,0,0,9,41,4,53,0,20,4
2017,CHA,AL,fulmeca01,7,5,0,7,7,0,0,0,0,0,0,0,0,0,0,0,0
2017,DET,AL,fulmemi01,25,25,2,25,25,0,0,0,0,0,0,0,0,0,0,0,0
2017,SDN,NL,galero01,3,3,3,3,0,3,0,0,0,0,0,0,0,0,0,0,0
2017,KCA,AL,gallaca01,13,6,13,13,0,13,0,0,0,0,0,0,0,0,0,1,1
2017,SEA,AL,gallayo01,28,22,1,28,28,0,0,0,0,0,0,0,0,0,0,0,0
2017,NYA,AL,gallegi01,16,0,0,16,16,0,0,0,0,0,0,0,0,0,0,0,0
2017,TEX,AL,gallojo01,145,135,145,140,0,0,59,0,72,0,18,0,0,18,2,3,5
2017,PHI,NL,galvifr01,162,156,162,156,0,0,0,0,0,155,1,1,0,2,0,6,0
2017,SEA,AL,gamelbe01,134,127,134,131,0,0,1,0,0,0,85,0,50,131,0,5,0
2017,SLN,NL,gantjo01,7,2,7,7,7,0,0,0,0,0,0,0,0,0,0,0,0
2017,ATL,NL,garciad01,52,40,52,40,0,0,0,0,39,0,1,0,0,1,0,12,0
2017,CHA,AL,garciav01,136,135,136,132,0,0,0,0,0,0,0,0,132,132,4,1,0
2017,SLN,NL,garcigr01,133,52,133,83,0,0,0,34,41,12,0,0,0,0,0,63,0
2017,OAK,AL,garcija01,63,0,5,63,63,0,0,0,0,0,0,0,0,0,0,0,0
2017,ATL,NL,garcija02,18,18,15,18,18,0,0,0,0,0,0,0,0,0,0,0,0
2017,MIN,AL,garcija02,1,1,0,1,1,0,0,0,0,0,0,0,0,0,0,0,0
2017,NYA,AL,garcija02,8,8,1,8,8,0,0,0,0,0,0,0,0,0,0,0,0
2017,MIA,NL,garcija04,68,0,64,68,68,0,0,0,0,0,0,0,0,0,0,0,0
2017,CHA,AL,garcile02,87,78,87,83,0,0,0,3,0,2,24,51,6,79,0,5,3
2017,PHI,NL,garcilu03,66,0,63,66,66,0,0,0,0,0,0,0,0,0,0,0,0
2017,KCA,AL,garcion01,2,1,0,2,2,0,0,0,0,0,0,0,0,0,0,0,0
2017,CHA,AL,garciwi01,44,30,44,40,0,0,0,0,0,0,13,11,17,40,2,3,4
2017,TEX,AL,gardeni01,12,0,2,12,12,0,0,0,0,0,0,0,0,0,0,0,0
2017,NYA,AL,gardnbr01,151,139,151,138,0,0,0,0,0,0,122,22,0,138,7,9,2
2017,COL,NL,garnedu01,22,18,22,22,0,22,0,0,0,0,0,0,0,0,0,2,0
2017,OAK,AL,garnedu01,19,15,19,18,0,18,0,0,0,0,0,0,0,0,0,1,1
2017,CIN,NL,garream01,16,14,15,16,16,0,0,0,0,0,0,0,0,0,0,0,0
2017,SEA,AL,gartory01,13,0,0,13,13,0,0,0,0,0,0,0,0,0,0,0,0
2017,TBA,AL,gartory01,7,0,0,7,7,0,0,0,0,0,0,0,0,0,0,0,0
2017,MIN,AL,garvemi01,23,11,23,16,0,13,3,0,0,0,2,0,0,2,5,5,0
2017,MIL,NL,garzama01,24,22,23,24,24,0,0,0,0,0,0,0,0,0,0,0,0
2017,HOU,AL,gattiev01,84,76,84,50,0,49,1,0,0,0,0,0,0,0,29,7,0
2017,BAL,AL,gausmke01,34,34,2,34,34,0,0,0,0,0,0,0,0,0,0,0,0
2017,KCA,AL,gavigsa01,4,2,0,4,4,0,0,0,0,0,0,0,0,0,0,0,0
2017,SEA,AL,gavigsa01,12,11,2,12,12,0,0,0,0,0,0,0,0,0,0,0,0
2017,SFN,NL,gearrco01,68,0,66,68,68,0,0,0,0,0,0,0,0,0,0,0,0
2017,MIN,AL,geedi01,14,3,0,14,14,0,0,0,0,0,0,0,0,0,0,0,0
2017,TEX,AL,geedi01,4,1,0,4,4,0,0,0,0,0,0,0,0,0,0,0,0
2017,CIN,NL,gennesc01,141,108,141,121,1,0,0,99,10,0,9,0,6,15,3,23,0
2017,BAL,AL,gentrcr01,77,25,77,68,0,0,0,0,0,0,30,9,31,68,1,7,16
2017,NYA,AL,germado01,7,0,0,7,7,0,0,0,0,0,0,0,0,0,0,0,0
2017,BAL,AL,giavojo01,7,2,7,5,0,0,0,5,0,0,0,0,0,0,0,3,0
2017,MIN,AL,gibsoky01,29,29,0,29,29,0,0,0,0,0,0,0,0,0,0,0,0
2017,HOU,AL,gileske01,63,0,4,63,63,0,0,0,0,0,0,0,0,0,0,0,0
2017,SFN,NL,gillaco01,44,13,44,24,0,0,4,0,20,0,0,0,0,0,0,26,0
2017,NYN,NL,gilmase01,2,0,2,2,2,0,0,0,0,0,0,0,0,0,0,0,0
2017,MIN,AL,gimench01,77,57,74,74,6,59,7,0,1,0,5,0,0,5,1,6,1
2017,CHA,AL,giolilu01,7,7,0,7,7,0,0,0,0,0,0,0,0,0,0,0,0
2017,BAL,AL,givenmy01,69,0,4,69,69,0,0,0,0,0,0,0,0,0,0,0,0
2017,PIT,NL,glasnty01,18,13,18,15,15,0,0,0,0,0,0,0,0,0,0,0,3
2017,WAS,NL,gloveko01,23,0,22,23,23,0,0,0,0,0,0,0,0,0,0,0,0
2017,ARI,NL,godleza01,27,25,25,26,26,0,0,0,0,0,0,0,0,0,0,1,0
2017,NYN,NL,goedder01,33,0,30,33,33,0,0,0,0,0,0,0,0,0,0,0,0
2017,MIL,NL,goforda01,1,0,1,1,1,0,0,0,0,0,0,0,0,0,0,0,0
2017,ATL,NL,goharlu01,5,5,5,5,5,0,0,0,0,0,0,0,0,0,0,0,0
2017,TOR,AL,goinsry01,143,118,143,140,0,0,0,56,8,87,0,0,0,0,2,11,4
2017,CHA,AL,goldbbr01,11,0,0,11,11,0,0,0,0,0,0,0,0,0,0,0,0
2017,ARI,NL,goldspa01,155,152,155,151,0,0,151,0,0,0,0,0,0,0,2,2,0
2017,CLE,AL,gomesya01,105,96,105,103,0,103,0,0,0,0,0,0,0,0,0,3,0
2017,TEX,AL,gomezca01,105,101,105,102,0,0,0,0,0,0,0,102,0,102,1,4,0
2017,PHI,NL,gomezje01,18,0,17,18,18,0,0,0,0,0,0,0,0,0,0,0,0
2017,SFN,NL,gomezmi01,22,5,22,6,0,0,0,6,0,0,0,0,0,0,0,17,0
2017,SFN,NL,gomezro01,4,0,3,4,4,0,0,0,0,0,0,0,0,0,0,0,0
2017,LAN,NL,gonzaad01,71,57,71,60,0,0,60,0,0,0,0,0,0,0,0,14,0
2017,COL,NL,gonzaca01,136,126,136,125,0,0,0,0,0,0,0,0,125,125,3,9,0
2017,CLE,AL,gonzaer01,60,25,60,54,0,0,0,36,8,11,1,0,0,1,1,2,8
2017,WAS,NL,gonzagi01,32,32,30,32,32,0,0,0,0,0,0,0,0,0,0,0,0
2017,HOU,AL,gonzama01,134,120,134,133,0,0,31,22,19,38,47,0,2,48,0,8,2
2017,SEA,AL,gonzama02,10,7,1,10,10,0,0,0,0,0,0,0,0,0,0,0,0
2017,SLN,NL,gonzama02,1,1,1,1,1,0,0,0,0,0,0,0,0,0,0,0,0
2017,CHA,AL,gonzami03,22,22,3,22,22,0,0,0,0,0,0,0,0,0,0,0,0
2017,TEX,AL,gonzami03,5,5,1,5,5,0,0,0,0,0,0,0,0,0,0,0,0
2017,MIN,AL,goodrni01,11,3,11,9,0,0,0,8,0,0,0,0,1,1,1,3,2
2017,WAS,NL,goodwbr01,74,59,74,69,0,0,0,0,0,0,31,34,11,69,0,9,2
2017,CLE,AL,goodyni01,56,0,3,56,56,0,0,0,0,0,0,0,0,0,0,0,0
2017,KCA,AL,gordoal01,148,140,148,147,0,0,0,0,0,0,140,15,1,147,0,2,0
2017,MIA,NL,gordode01,158,148,158,155,0,0,0,153,0,3,0,0,0,0,0,7,0
2017,KCA,AL,gorete01,12,0,12,2,0,0,0,0,0,0,2,0,0,2,5,4,8
2017,SEA,AL,gosewtu01,11,8,11,11,0,10,1,0,0,0,0,0,0,0,0,0,0
2017,OAK,AL,gosseda01,18,18,3,18,18,0,0,0,0,0,0,0,0,0,0,0,0
2017,PIT,NL,gosseph01,28,7,28,13,0,0,1,11,1,0,0,0,0,0,0,19,0
2017,TEX,AL,gosseph01,12,0,12,9,0,0,0,5,2,3,0,0,0,0,1,0,3
2017,WAS,NL,gotttr01,4,0,4,4,4,0,0,0,0,0,0,0,0,0,0,0,0
2017,HOU,AL,gourryu01,139,137,139,135,0,0,131,1,7,0,0,0,0,0,3,2,0
2017,WAS,NL,gracema02,40,1,39,40,40,0,0,0,0,0,0,0,0,0,0,0,0
2017,LAN,NL,grandcu01,36,31,36,33,0,0,0,0,0,0,26,6,8,33,0,3,1
2017,NYN,NL,grandcu01,111,87,111,89,0,0,0,0,0,0,7,59,30,89,3,21,0
2017,LAN,NL,grandya01,129,113,129,117,0,117,0,0,0,0,0,0,0,0,0,15,0
2017,MIN,AL,graniza01,40,22,40,32,0,0,0,0,0,0,8,24,2,32,2,7,4
2017,LAA,AL,grateju01,48,26,48,47,0,47,0,0,0,0,0,0,0,0,0,0,1
2017,OAK,AL,graveke01,19,19,2,19,19,0,0,0,0,0,0,0,0,0,0,0,0
2017,COL,NL,grayjo02,20,20,19,20,20,0,0,0,0,0,0,0,0,0,0,0,0
2017,NYA,AL,grayso01,11,11,0,11,11,0,0,0,0,0,0,0,0,0,0,0,0
2017,OAK,AL,grayso01,16,16,0,16,16,0,0,0,0,0,0,0,0,0,0,0,0
2017,NYA,AL,greench03,40,1,1,40,40,0,0,0,0,0,0,0,0,0,0,0,0
2017,WAS,NL,greengr01,2,1,2,2,0,0,0,2,0,0,0,0,0,0,0,0,0
2017,DET,AL,greensh02,71,0,7,71,71,0,0,0,0,0,0,0,0,0,0,0,0
2017,HOU,AL,gregelu01,65,0,5,65,65,0,0,0,0,0,0,0,0,0,0,0,0
2017,NYA,AL,gregodi01,136,133,136,135,0,0,0,0,0,135,0,0,0,0,1,3,0
2017,ARI,NL,greinza01,33,32,30,32,32,0,0,0,0,0,0,0,0,0,0,0,1
2017,SLN,NL,grichra01,122,100,122,107,0,0,0,0,0,0,58,5,55,107,0,15,2
2017,TEX,AL,griffaj01,18,15,3,18,18,0,0,0,0,0,0,0,0,0,0,0,0
2017,TEX,AL,grillja01,20,0,2,20,20,0,0,0,0,0,0,0,0,0,0,0,0
2017,TOR,AL,grillja01,26,0,3,26,26,0,0,0,0,0,0,0,0,0,0,0,0
2017,CHN,NL,grimmju01,50,0,48,50,50,0,0,0,0,0,0,0,0,0,0,0,0
2017,MIN,AL,grossro01,119,106,119,53,0,0,0,0,0,0,18,0,35,53,63,13,0
2017,NYN,NL,gsellro01,27,22,27,25,25,0,0,0,0,0,0,0,0,0,0,0,2
2017,HOU,AL,guduare01,22,0,0,22,22,0,0,0,0,0,0,0,0,0,0,0,0
2017,LAA,AL,guerrde01,19,0,2,19,19,0,0,0,0,0,0,0,0,0,0,0,0
2017,MIA,NL,guerrja01,16,0,16,16,16,0,0,0,0,0,0,0,0,0,0,0,0
2017,MIL,NL,guerrju02,21,14,20,21,21,0,0,0,0,0,0,0,0,0,0,0,0
2017,LAA,AL,gurkaja01,3,0,0,3,3,0,0,0,0,0,0,0,0,0,0,0,0
2017,HOU,AL,gustaja01,6,0,0,6,6,0,0,0,0,0,0,0,0,0,0,0,0
2017,WAS,NL,guthrje01,1,1,1,1,1,0,0,0,0,0,0,0,0,0,0,0,0
2017,LAN,NL,gutiefr01,35,14,35,17,0,0,0,0,0,0,17,0,0,17,0,21,0
2017,CLE,AL,guyerbr01,70,45,70,65,0,0,0,0,0,0,33,0,37,65,2,10,4
2017,SLN,NL,gyorkje01,125,111,125,117,0,0,10,5,109,0,1,0,0,1,1,12,0
2017,MIL,NL,haderjo01,35,0,32,35,35,0,0,0,0,0,0,0,0,0,0,0,0
2017,OAK,AL,hahnje01,14,13,0,14,14,0,0,0,0,0,0,0,0,0,0,0,0
2017,MIN,AL,haleyju01,10,0,1,10,10,0,0,0,0,0,0,0,0,0,0,0,0
2017,TEX,AL,hamelco01,24,24,1,24,24,0,0,0,0,0,0,0,0,0,0,0,0
2017,CIN,NL,hamilbi02,139,135,139,137,0,0,0,0,0,0,0,137,0,137,0,3,0
2017,KCA,AL,hammeja01,32,32,3,32,32,0,0,0,0,0,0,0,0,0,0,0,0
2017,SDN,NL,handbr01,72,0,66,72,72,0,0,0,0,0,0,0,0,0,0,0,0
2017,SEA,AL,hanigmi01,96,95,96,96,0,0,0,0,0,0,2,6,94,96,0,1,0
2017,COL,NL,hanigry01,33,29,33,30,0,30,0,0,0,0,0,0,0,0,0,3,0
2017,SEA,AL,hanneja01,11,4,11,9,0,0,0,0,0,0,2,7,0,9,2,2,2
2017,CHA,AL,hansoal01,69,36,69,49,0,0,0,13,1,0,8,11,18,36,7,18,7
2017,PIT,NL,hansoal01,37,9,37,19,0,0,0,15,1,2,0,0,2,2,0,16,6
2017,CHN,NL,happia01,115,89,115,108,0,0,0,44,4,0,29,54,14,82,0,19,1
2017,TOR,AL,happja01,25,25,1,25,25,0,0,0,0,0,0,0,0,0,0,0,0
2017,DET,AL,hardybl01,35,0,2,35,35,0,0,0,0,0,0,0,0,0,0,0,0
2017,BAL,AL,hardyjj01,73,70,73,71,0,0,0,0,0,71,0,0,0,0,0,1,1
2017,WAS,NL,harpebr03,111,109,111,110,0,0,0,0,0,0,0,0,110,110,0,2,0
2017,TOR,AL,harrelu01,4,0,0,4,4,0,0,0,0,0,0,0,0,0,0,0,0
2017,PIT,NL,harrijo05,128,122,128,124,0,0,0,83,49,0,8,0,1,9,0,3,1
2017,HOU,AL,harriwi02,46,0,2,46,46,0,0,0,0,0,0,0,0,0,0,0,0
2017,BAL,AL,hartdo01,51,0,4,51,51,0,0,0,0,0,0,0,0,0,0,0,0
2017,NYN,NL,harvema01,19,18,18,19,19,0,0,0,0,0,0,0,0,0,0,0,0
2017,LAN,NL,hatchch02,26,0,24,26,26,0,0,0,0,0,0,0,0,0,0,0,0
2017,OAK,AL,hatchch02,23,0,1,23,23,0,0,0,0,0,0,0,0,0,0,0,0
2017,TEX,AL,hauscmi01,4,0,0,4,4,0,0,0,0,0,0,0,0,0,0,0,0
2017,BAL,AL,haysau01,20,16,20,20,0,0,0,0,0,0,0,8,14,20,0,0,0
2017,ARI,NL,hazelje01,41,7,41,24,0,0,0,0,0,0,11,6,8,24,0,19,6
2017,NYA,AL,headlch01,147,136,147,128,0,0,45,1,86,0,0,0,0,0,14,11,0
2017,OAK,AL,healyry01,149,146,149,69,0,0,39,0,34,0,0,0,0,0,78,3,0
2017,LAA,AL,heanean01,5,5,0,5,5,0,0,0,0,0,0,0,0,0,0,0,0
2017,MIA,NL,hechaad01,20,17,20,19,0,0,0,0,0,19,0,0,0,0,0,1,0
2017,TBA,AL,hechaad01,77,74,77,77,0,0,0,0,0,77,0,0,0,0,0,0,1
2017,SDN,NL,hedgeau01,120,110,120,115,0,115,0,0,0,0,0,0,0,0,1,6,0
2017,WAS,NL,heisech01,38,12,38,24,0,0,0,0,0,0,19,0,5,24,0,18,1
2017,NYA,AL,hellebe01,9,0,0,9,9,0,0,0,0,0,0,0,0,0,0,0,0
2017,BAL,AL,hellije01,10,10,0,10,10,0,0,0,0,0,0,0,0,0,0,0,0
2017,PHI,NL,hellije01,20,20,20,20,20,0,0,0,0,0,0,0,0,0,0,0,0
2017,BOS,AL,hembrhe01,62,0,4,62,62,0,0,0,0,0,0,0,0,0,0,0,0
2017,CHN,NL,hendrky01,25,24,24,24,24,0,0,0,0,0,0,0,0,0,0,1,0
2017,OAK,AL,hendrli01,70,0,4,70,70,0,0,0,0,0,0,0,0,0,0,0,0
2017,SEA,AL,heredgu01,123,105,123,117,0,0,0,0,0,0,62,63,1,117,1,4,5
2017,CIN,NL,hernaar01,19,0,17,19,19,0,0,0,0,0,0,0,0,0,0,0,0
2017,PHI,NL,hernace02,128,124,128,127,0,0,0,127,0,1,0,0,0,0,0,1,1
2017,ARI,NL,hernada01,26,0,22,26,26,0,0,0,0,0,0,0,0,0,0,0,0
2017,LAA,AL,hernada01,38,0,3,38,38,0,0,0,0,0,0,0,0,0,0,0,0
2017,LAN,NL,hernaen02,140,71,140,111,0,0,3,9,14,24,28,34,18,73,1,52,1
2017,SEA,AL,hernafe02,16,16,0,16,16,0,0,0,0,0,0,0,0,0,0,0,0
2017,SFN,NL,hernago01,128,78,128,113,0,0,0,0,0,0,57,50,20,113,0,26,6
2017,BOS,AL,hernama02,21,18,21,20,0,0,0,6,9,5,0,0,0,0,0,0,2
2017,HOU,AL,hernate01,1,0,1,1,0,0,0,0,0,0,0,0,1,1,0,0,0
2017,TOR,AL,hernate01,26,22,26,25,0,0,0,0,0,0,18,5,2,25,0,2,0
2017,KCA,AL,herreke01,64,0,6,64,64,0,0,0,0,0,0,0,0,0,0,0,0
2017,PHI,NL,herreod01,138,128,138,133,0,0,0,0,0,0,0,133,0,133,0,7,0
2017,NYA,AL,herrero01,2,0,0,2,2,0,0,0,0,0,0,0,0,0,0,0,0
2017,ARI,NL,herrmch01,106,54,106,74,0,45,5,0,0,0,22,0,2,24,0,37,6
2017,MIN,AL,hestoch01,1,0,1,1,1,0,0,0,0,0,0,0,0,0,0,0,0
2017,SEA,AL,hestoch01,2,1,0,2,2,0,0,0,0,0,0,0,0,0,0,0,0
2017,CHN,NL,heywaja01,126,116,126,124,0,0,0,0,0,0,0,13,120,124,0,4,0
2017,NYA,AL,hicksaa01,88,76,88,84,0,0,0,0,0,0,22,52,14,84,0,11,0
2017,DET,AL,hicksjo02,60,41,60,41,0,18,26,0,0,0,0,0,0,0,12,11,0
2017,NYA,AL,higasky01,9,5,9,8,0,8,0,0,0,0,0,0,0,0,1,1,0
2017,MIN,AL,hildetr01,37,0,1,37,37,0,0,0,0,0,0,0,0,0,0,0,0
2017,SFN,NL,hillaa01,34,15,34,18,0,0,0,7,7,0,6,0,0,6,0,18,0
2017,LAN,NL,hillri01,25,25,23,25,25,0,0,0,0,0,0,0,0,0,0,0,0
2017,COL,NL,hoffmje02,23,16,23,23,23,0,0,0,0,0,0,0,0,0,0,0,0
2017,DET,AL,holadbr01,13,7,13,11,0,11,0,1,0,0,0,0,0,0,1,2,0
2017,NYA,AL,holdejo02,37,0,4,37,37,0,0,0,0,0,0,0,0,0,0,0,0
2017,CHA,AL,hollade01,29,26,1,29,29,0,0,0,0,0,0,0,0,0,0,0,0
2017,COL,NL,hollagr01,61,0,55,61,61,0,0,0,0,0,0,0,0,0,0,0,0
2017,NYA,AL,hollima01,105,96,105,8,0,0,8,0,0,0,0,0,0,0,90,8,0
2017,CHA,AL,holmbda01,37,7,5,37,37,0,0,0,0,0,0,0,0,0,0,0,0
2017,BOS,AL,holtbr01,64,37,64,53,0,0,2,31,9,0,10,0,2,11,3,10,9
2017,ARI,NL,hoovejj01,52,0,49,52,52,0,0,0,0,0,0,0,0,0,0,0,0
2017,PHI,NL,hoskirh01,50,50,50,50,0,0,27,0,0,0,30,0,0,30,0,0,0
2017,KCA,AL,hosmeer01,162,161,162,157,0,0,157,0,0,0,0,0,0,0,5,1,0
2017,TOR,AL,housetj01,2,0,0,2,2,0,0,0,0,0,0,0,0,0,0,0,0
2017,TOR,AL,howeljp01,16,0,2,16,16,0,0,0,0,0,0,0,0,0,0,0,0
2017,TEX,AL,hoyinja01,36,17,36,36,0,0,0,0,0,0,1,25,10,36,0,3,2
2017,HOU,AL,hoytja01,43,0,3,43,43,0,0,0,0,0,0,0,0,0,0,0,0
2017,TBA,AL,huch02,6,0,0,6,6,0,0,0,0,0,0,0,0,0,0,0,0
2017,PIT,NL,hudsoda01,71,0,65,71,71,0,0,0,0,0,0,0,0,0,0,0,0
2017,SLN,NL,huffmch01,12,1,12,1,0,0,0,0,0,0,0,0,1,1,1,11,0
2017,MIL,NL,hugheja02,67,0,63,67,67,0,0,0,0,0,0,0,0,0,0,0,0
2017,MIN,AL,hugheph01,14,9,0,14,14,0,0,0,0,0,0,0,0,0,0,0,0
2017,SFN,NL,hundlni01,101,66,101,82,0,82,0,0,0,0,0,0,0,0,1,25,1
2017,TBA,AL,hunteto02,61,0,5,61,61,0,0,0,0,0,0,0,0,0,0,0,0
2017,ATL,NL,hurshja01,9,0,9,9,9,0,0,0,0,0,0,0,0,0,0,0,0
2017,SFN,NL,hwangja01,18,15,18,17,0,0,3,0,15,0,0,0,0,0,0,2,0
2017,ARI,NL,iannech01,89,70,89,79,0,78,0,0,1,0,0,0,0,0,0,15,0
2017,DET,AL,iglesjo01,130,128,130,130,0,0,0,0,0,130,0,0,0,0,0,0,0
2017,CIN,NL,iglesra01,63,0,60,63,63,0,0,0,0,0,0,0,0,0,0,0,0
2017,ATL,NL,inciaen01,157,154,157,156,0,0,0,0,0,0,0,156,0,156,0,1,0
2017,CHA,AL,infangr01,52,0,4,52,52,0,0,0,0,0,0,0,0,0,0,0,0
2017,SEA,AL,iwakuhi01,6,6,0,6,6,0,0,0,0,0,0,0,0,0,0,0,0
2017,CLE,AL,jacksau01,85,79,85,81,0,0,0,0,0,0,38,38,18,81,0,5,0
2017,BAL,AL,jacksed01,3,0,0,3,3,0,0,0,0,0,0,0,0,0,0,0,0
2017,WAS,NL,jacksed01,19,13,17,13,13,0,0,0,0,0,0,0,0,0,0,0,6
2017,ATL,NL,jackslu01,43,0,41,43,43,0,0,0,0,0,0,0,0,0,0,0,0
2017,BAL,AL,janispa01,14,9,14,14,0,0,0,0,0,14,0,0,0,0,0,0,1
2017,HOU,AL,jankojo01,3,0,0,3,3,0,0,0,0,0,0,0,0,0,0,0,0
2017,SDN,NL,jankotr01,27,22,27,24,0,0,0,0,0,0,19,4,3,24,0,3,0
2017,LAN,NL,janseke01,65,0,59,65,65,0,0,0,0,0,0,0,0,0,0,0,0
2017,PIT,NL,jasojo01,126,53,126,82,0,0,29,0,0,0,17,0,46,61,0,59,1
2017,DET,AL,jayemy01,5,2,0,5,5,0,0,0,0,0,0,0,0,0,0,0,0
2017,CHN,NL,jayjo02,141,88,141,111,1,0,0,0,0,0,64,54,19,111,2,46,0
2017,MIL,NL,jeffrje01,22,1,20,22,22,0,0,0,0,0,0,0,0,0,0,0,0
2017,TEX,AL,jeffrje01,39,0,1,39,39,0,0,0,0,0,0,0,0,0,0,0,0
2017,CHA,AL,jennida01,48,0,3,48,48,0,0,0,0,0,0,0,0,0,0,0,0
2017,TBA,AL,jennida01,29,0,3,29,29,0,0,0,0,0,0,0,0,0,0,0,0
2017,TEX,AL,jimenaj01,7,1,7,5,0,5,0,0,0,0,0,0,0,0,1,2,0
2017,DET,AL,jimenjo02,24,0,0,24,24,0,0,0,0,0,0,0,0,0,0,0,0
2017,BAL,AL,jimenub01,31,25,3,31,31,0,0,0,0,0,0,0,0,0,0,0,0
2017,BOS,AL,johnsbr02,5,5,1,5,5,0,0,0,0,0,0,0,0,0,0,0,0
2017,ATL,NL,johnsji04,61,0,56,61,61,0,0,0,0,0,0,0,0,0,0,0,0
2017,ATL,NL,johnsmi04,18,1,18,3,0,0,0,0,0,0,3,0,0,3,0,8,8
2017,CHN,NL,johnspi01,1,0,1,1,1,0,0,0,0,0,0,0,0,0,0,0,0
2017,BAL,AL,jonesad01,147,147,147,147,0,0,0,0,0,0,0,147,0,147,0,0,0
2017,DET,AL,jonesja07,56,42,56,51,0,0,0,0,0,0,0,51,1,51,2,6,4
2017,CHA,AL,jonesna01,11,0,0,11,11,0,0,0,0,0,0,0,0,0,0,0,0
2017,SFN,NL,jonesry01,53,41,53,46,0,0,30,0,18,0,1,0,0,1,0,8,0
2017,MIN,AL,jorgefe01,2,2,0,2,2,0,0,0,0,0,0,0,0,0,0,0,0
2017,BAL,AL,josepca01,89,69,89,86,0,79,0,0,8,0,0,0,0,0,0,4,3
2017,PHI,NL,josepto01,142,127,142,130,0,0,130,0,0,0,0,0,0,0,2,11,0
2017,OAK,AL,joycema01,141,123,141,133,0,0,0,0,0,0,24,1,115,133,2,15,1
2017,NYA,AL,judgeaa01,155,151,155,141,0,0,0,0,0,0,0,0,141,141,11,3,1
2017,MIL,NL,jungmta01,1,0,1,1,1,0,0,0,0,0,0,0,0,0,0,0,0
2017,KCA,AL,junisja01,20,16,1,20,20,0,0,0,0,0,0,0,0,0,0,0,0
2017,CHA,AL,kahnlto01,37,0,3,37,37,0,0,0,0,0,0,0,0,0,0,0,0
2017,NYA,AL,kahnlto01,32,0,2,32,32,0,0,0,0,0,0,0,0,0,0,0,0
2017,KCA,AL,karnsna01,9,8,0,9,9,0,0,0,0,0,0,0,0,0,0,0,0
2017,TEX,AL,kelake01,39,0,3,39,39,0,0,0,0,0,0,0,0,0,0,0,0
2017,WAS,NL,kellesh01,33,0,31,33,33,0,0,0,0,0,0,0,0,0,0,0,0
2017,SLN,NL,kellyca02,34,14,34,31,0,31,0,0,0,0,0,0,0,0,0,11,0
2017,BOS,AL,kellyjo05,54,0,5,54,54,0,0,0,0,0,0,0,0,0,0,0,0
2017,NYN,NL,kellyty01,1,0,1,0,0,0,0,0,0,0,0,0,0,0,0,1,0
2017,PHI,NL,kellyty01,69,14,69,29,0,0,0,14,4,0,9,1,3,11,0,40,5
2017,ATL,NL,kempma01,115,107,115,103,0,0,0,0,0,0,103,0,0,103,5,8,0
2017,HOU,AL,kempto01,17,10,17,14,0,0,0,0,0,0,10,4,0,14,1,1,4
2017,PHI,NL,kendrho01,39,35,39,34,0,0,1,10,0,0,24,0,0,24,1,4,0
2017,WAS,NL,kendrho01,52,39,52,46,0,0,3,5,0,0,38,0,3,39,0,11,0
2017,BOS,AL,kendrky01,2,2,1,2,2,0,0,0,0,0,0,0,0,0,0,0,0
2017,KCA,AL,kenneia01,30,30,2,30,30,0,0,0,0,0,0,0,0,0,0,0,0
2017,MIN,AL,keplema01,147,129,147,143,0,0,0,0,0,0,0,13,138,143,1,9,2
2017,LAN,NL,kershcl01,27,27,24,27,27,0,0,0,0,0,0,0,0,0,0,0,0
2017,HOU,AL,keuchda01,23,23,1,23,23,0,0,0,0,0,0,0,0,0,0,0,0
2017,TBA,AL,kiermke01,98,95,98,97,0,0,0,0,0,0,0,97,0,97,0,2,0
2017,BOS,AL,kimbrcr01,67,0,6,67,67,0,0,0,0,0,0,0,0,0,0,0,0
2017,BAL,AL,kimhy01,56,34,56,42,0,0,0,0,0,0,42,0,0,42,1,17,0
2017,PHI,NL,kimhy01,40,18,40,23,0,0,0,0,0,0,13,0,11,23,1,18,1
2017,DET,AL,kinslia01,139,137,139,135,0,0,0,135,0,0,0,0,0,0,3,1,0
2017,MIN,AL,kintzbr01,45,0,5,45,45,0,0,0,0,0,0,0,0,0,0,0,0
2017,WAS,NL,kintzbr01,27,0,25,27,27,0,0,0,0,0,0,0,0,0,0,0,0
2017,CLE,AL,kipnija01,90,87,90,86,0,0,0,75,0,0,0,11,0,11,2,3,0
2017,TBA,AL,kittran01,15,0,0,15,15,0,0,0,0,0,0,0,0,0,0,0,0
2017,CIN,NL,kivlepa01,115,28,115,59,0,0,12,0,7,0,11,4,29,43,0,58,2
2017,CLE,AL,klubeco01,29,29,1,29,29,0,0,0,0,0,0,0,0,0,0,0,0
2017,PHI,NL,knappan01,56,52,56,53,0,53,1,0,0,0,0,0,0,0,1,2,1
2017,MIL,NL,knebeco01,76,0,71,76,76,0,0,0,0,0,0,0,0,0,0,0,0
2017,ARI,NL,kochma01,1,0,1,1,1,0,0,0,0,0,0,0,0,0,0,0,0
2017,MIA,NL,koehlto01,12,12,11,12,12,0,0,0,0,0,0,0,0,0,0,0,0
2017,TOR,AL,koehlto01,15,1,0,15,15,0,0,0,0,0,0,0,0,0,0,0,0
2017,TBA,AL,kolarad01,12,0,2,12,12,0,0,0,0,0,0,0,0,0,0,0,0
2017,PIT,NL,kontoge01,15,0,14,15,15,0,0,0,0,0,0,0,0,0,0,0,0
2017,SFN,NL,kontoge01,50,0,45,50,50,0,0,0,0,0,0,0,0,0,0,0,0
2017,NYA,AL,kozmape01,11,3,11,10,0,0,0,1,0,9,0,0,0,0,0,1,2
2017,TEX,AL,kozmape01,28,9,28,24,0,0,4,4,14,5,0,0,0,0,0,1,8
2017,NYA,AL,kratzer01,4,0,4,2,0,2,0,0,0,0,0,0,0,0,2,2,0
2017,ATL,NL,krolia01,51,0,48,51,51,0,0,0,0,0,0,0,0,0,0,0,0
2017,PIT,NL,kuhlch01,33,31,30,31,31,0,0,0,0,0,0,0,0,0,0,2,0
2017,DET,AL,labouja01,6,0,0,6,6,0,0,0,0,0,0,0,0,0,0,0,0
2017,CHN,NL,lackejo01,32,30,31,31,31,0,0,0,0,0,0,0,0,0,0,1,0
2017,NYN,NL,lagarju01,94,58,94,85,0,0,0,0,0,0,0,85,0,85,0,11,5
2017,OAK,AL,lamarry01,3,2,3,3,0,0,0,0,0,0,0,3,0,3,0,1,0
2017,ARI,NL,lambja01,149,144,149,144,0,0,0,0,144,0,0,0,0,0,1,5,0
2017,SDN,NL,lametdi01,21,21,19,21,21,0,0,0,0,0,0,0,0,0,0,0,0
2017,CHN,NL,lasteto01,73,22,73,35,0,0,1,21,18,0,0,0,0,0,0,44,0
2017,TOR,AL,latosma01,3,3,1,3,3,0,0,0,0,0,0,0,0,0,0,0,0
2017,OAK,AL,lavarry01,6,4,6,5,0,5,0,0,0,0,0,0,0,0,0,1,0
2017,SFN,NL,lawde01,41,0,39,41,41,0,0,0,0,0,0,0,0,0,0,0,0
2017,SEA,AL,lawreca01,23,0,1,23,23,0,0,0,0,0,0,0,0,0,0,0,0
2017,TOR,AL,lawreca01,4,2,1,4,4,0,0,0,0,0,0,0,0,0,0,0,0
2017,NYA,AL,layneto01,19,0,3,19,19,0,0,0,0,0,0,0,0,0,0,0,0
2017,SEA,AL,leakemi01,5,5,0,5,5,0,0,0,0,0,0,0,0,0,0,0,0
2017,SLN,NL,leakemi01,27,26,26,26,26,0,0,0,0,0,0,0,0,0,0,1,0
2017,CHN,NL,leathja01,1,0,1,1,1,0,0,0,0,0,0,0,0,0,0,0,0
2017,PIT,NL,leathja01,6,0,6,6,6,0,0,0,0,0,0,0,0,0,0,0,0
2017,PIT,NL,leblawa01,50,0,46,50,50,0,0,0,0,0,0,0,0,0,0,0,0
2017,TEX,AL,leclejo01,47,0,3,47,47,0,0,0,0,0,0,0,0,0,0,0,0
2017,SDN,NL,leeza01,3,1,3,3,3,0,0,0,0,0,0,0,0,0,0,0,0
2017,PHI,NL,leitema02,27,11,23,27,27,0,0,0,0,0,0,0,0,0,0,0,0
2017,COL,NL,lemahdj01,155,151,155,153,0,0,0,153,0,0,0,0,0,0,0,3,0
2017,DET,AL,leonar02,6,0,0,6,6,0,0,0,0,0,0,0,0,0,0,0,0
2017,TOR,AL,leonedo01,65,0,5,65,65,0,0,0,0,0,0,0,0,0,0,0,0
2017,BOS,AL,leonsa01,85,77,85,84,0,84,0,0,0,0,0,0,0,0,0,2,0
2017,CHN,NL,lestejo01,32,32,30,32,32,0,0,0,0,0,0,0,0,0,0,0,0
2017,DET,AL,lewicar01,4,1,0,4,4,0,0,0,0,0,0,0,0,0,0,0,0
2017,LAN,NL,liberad01,4,0,4,4,4,0,0,0,0,0,0,0,0,0,0,0,0
2017,WAS,NL,lindad01,116,61,116,63,0,0,39,0,0,0,25,0,0,25,7,48,0
2017,PIT,NL,lindbjo01,4,0,4,4,4,0,0,0,0,0,0,0,0,0,0,0,0
2017,CLE,AL,lindofr01,159,159,159,158,0,0,0,0,0,158,0,0,0,0,1,0,0
2017,BOS,AL,lintz01,25,15,25,23,0,0,0,10,9,6,0,0,0,0,1,4,1
2017,HOU,AL,liriafr01,20,0,1,20,20,0,0,0,0,0,0,0,0,0,0,0,0
2017,TOR,AL,liriafr01,18,18,0,18,18,0,0,0,0,0,0,0,0,0,0,0,0
2017,CHA,AL,liriary01,21,12,21,19,0,0,0,0,0,0,12,0,7,19,2,0,1
2017,PHI,NL,livelbe01,15,15,14,15,15,0,0,0,0,0,0,0,0,0,0,0,0
2017,SDN,NL,lloydky01,1,1,1,1,1,0,0,0,0,0,0,0,0,0,0,0,0
2017,WAS,NL,lobatjo01,51,43,51,50,0,50,0,0,0,0,0,0,0,0,0,3,0
2017,LAN,NL,locasti01,3,0,3,2,0,0,0,0,0,0,2,0,0,2,0,1,2
2017,MIA,NL,lockeje01,7,7,7,7,7,0,0,0,0,0,0,0,0,0,0,0,0
2017,CLE,AL,loganbo02,38,0,6,38,38,0,0,0,0,0,0,0,0,0,0,0,0
2017,MIA,NL,lombast02,2,2,2,2,0,0,0,2,0,0,0,0,0,0,0,0,0
2017,TBA,AL,longoev01,156,156,156,142,0,0,0,0,142,0,0,0,0,0,14,0,0
2017,MIL,NL,lopezjo02,1,0,1,1,1,0,0,0,0,0,0,0,0,0,0,0,0
2017,TOR,AL,lopezra02,24,17,24,24,0,24,0,0,1,0,0,0,0,0,0,1,0
2017,CHA,AL,lopezre01,8,8,0,8,8,0,0,0,0,0,0,0,0,0,0,0,0
2017,CIN,NL,lorenmi01,73,0,70,70,70,0,0,0,0,0,0,0,0,0,0,3,0
2017,TOR,AL,loupaa01,70,0,5,70,70,0,0,0,0,0,0,0,0,0,0,0,0
2017,OAK,AL,lowrije01,153,146,153,137,0,0,0,136,1,0,0,0,0,0,14,6,0
2017,SLN,NL,lucasjo02,5,0,5,5,5,0,0,0,0,0,0,0,0,0,0,0,0
2017,COL,NL,lucrojo01,46,43,46,44,0,44,0,0,0,0,0,0,0,0,0,3,0
2017,TEX,AL,lucrojo01,77,75,77,66,0,66,1,0,0,0,0,0,0,0,10,2,0
2017,NYN,NL,lugose01,20,18,18,19,19,0,0,0,0,0,0,0,0,0,0,1,0
2017,PIT,NL,luplojo01,27,20,27,23,0,0,0,0,0,0,10,0,14,23,0,5,0
2017,COL,NL,lylesjo01,33,0,32,33,33,0,0,0,0,0,0,0,0,0,0,0,0
2017,SDN,NL,lylesjo01,5,5,5,5,5,0,0,0,0,0,0,0,0,0,0,0,0
2017,SLN,NL,lynnla01,33,33,31,33,33,0,0,0,0,0,0,0,0,0,0,0,0
2017,SLN,NL,lyonsty01,50,0,48,50,50,0,0,0,0,0,0,0,0,0,0,0,0
2017,KCA,AL,machaan02,2,0,0,2,2,0,0,0,0,0,0,0,0,0,0,0,0
2017,DET,AL,machadi01,73,41,73,63,0,0,0,27,5,32,0,0,0,0,8,13,4
2017,BAL,AL,machama01,156,156,156,156,0,0,0,0,156,0,0,0,0,0,0,0,0
2017,SEA,AL,machije01,5,0,1,5,5,0,0,0,0,0,0,0,0,0,0,0,0
2017,BOS,AL,maddoau01,13,0,0,13,13,0,0,0,0,0,0,0,0,0,0,0,0
2017,OAK,AL,madsory01,40,0,0,40,40,0,0,0,0,0,0,0,0,0,0,0,0
2017,WAS,NL,madsory01,20,0,19,20,20,0,0,0,0,0,0,0,0,0,0,0,0
2017,LAN,NL,maedake01,30,25,28,29,29,0,0,0,0,0,0,0,0,0,0,1,0
2017,LAA,AL,magnida01,1,0,0,1,1,0,0,0,0,0,0,0,0,0,0,0,0
2017,CIN,NL,mahlety01,4,4,4,4,4,0,0,0,0,0,0,0,0,0,0,0,0
2017,DET,AL,mahtomi01,109,87,109,105,0,0,0,0,0,0,19,67,25,105,2,9,4
2017,TOR,AL,mailelu01,46,36,46,46,0,46,0,0,0,0,0,0,0,0,0,1,0
2017,LAA,AL,maldoma01,138,131,138,138,0,137,1,0,0,0,0,0,0,0,0,3,0
2017,OAK,AL,manaese01,29,29,2,29,29,0,0,0,0,0,0,0,0,0,0,0,0
2017,BAL,AL,mancitr01,147,140,147,126,0,0,45,0,0,0,88,0,2,90,18,6,0
2017,KCA,AL,manesse01,8,0,0,8,8,0,0,0,0,0,0,0,0,0,0,0,0
2017,CHN,NL,mapledi01,6,0,5,6,6,0,0,0,0,0,0,0,0,0,0,0,0
2017,SDN,NL,margoma01,126,121,126,123,0,0,0,0,0,0,0,123,0,123,0,4,0
2017,MIL,NL,marinjh01,15,0,15,15,15,0,0,0,0,0,0,0,0,0,0,0,0
2017,PIT,NL,marinjh01,24,0,24,24,24,0,0,0,0,0,0,0,0,0,0,0,0
2017,TEX,AL,marinjh01,4,0,0,4,4,0,0,0,0,0,0,0,0,0,0,0,0
2017,HOU,AL,marisja01,106,65,106,102,0,0,0,0,0,0,6,93,3,102,1,6,9
2017,SEA,AL,marjami01,5,2,5,5,0,5,0,0,0,0,0,0,0,0,0,2,0
2017,ATL,NL,markani01,160,155,160,156,0,0,0,0,0,0,0,0,156,156,2,2,1
2017,TBA,AL,marksju01,1,0,0,1,1,0,0,0,0,0,0,0,0,0,0,0,0
2017,COL,NL,marquge01,29,29,26,29,29,0,0,0,0,0,0,0,0,0,0,0,0
2017,SFN,NL,marrech01,15,9,15,12,0,0,0,0,0,0,12,0,0,12,0,4,0
2017,BOS,AL,marrede01,71,48,71,68,0,0,1,11,53,6,0,0,0,0,0,1,10
2017,SEA,AL,marshev01,6,0,0,6,6,0,0,0,0,0,0,0,0,0,0,0,0
2017,HOU,AL,martefr01,32,4,2,32,32,0,0,0,0,0,0,0,0,0,0,0,0
2017,LAA,AL,marteje01,45,35,45,37,0,0,28,0,10,0,3,0,0,3,2,6,3
2017,ARI,NL,marteke01,73,59,73,66,0,0,0,0,3,64,0,0,0,0,0,9,0
2017,PIT,NL,martest01,77,75,77,76,0,0,0,0,0,0,56,25,0,76,0,1,1
2017,SLN,NL,martica04,34,32,31,32,32,0,0,0,0,0,0,0,0,0,0,0,2
2017,SEA,AL,martico01,1,0,0,1,1,0,0,0,0,0,0,0,0,0,0,0,0
2017,ARI,NL,martijd02,62,61,62,60,0,0,0,0,0,0,0,0,60,60,1,1,0
2017,DET,AL,martijd02,57,56,57,53,0,0,0,0,0,0,0,0,53,53,4,1,0
2017,SLN,NL,martijo08,106,63,106,72,0,0,33,0,0,0,24,0,17,40,3,32,0
2017,BOS,AL,martiky01,2,0,0,2,2,0,0,0,0,0,0,0,0,0,0,0,0
2017,CHN,NL,martile01,15,1,15,13,1,0,0,0,0,0,4,5,4,12,0,2,2
2017,SEA,AL,martile01,34,29,34,30,0,0,0,0,0,0,0,15,15,30,0,4,0
2017,CLE,AL,martimi02,15,2,14,13,1,0,0,3,6,1,0,2,0,2,0,1,2
2017,TBA,AL,martimi02,13,5,13,12,0,0,0,8,3,0,1,0,0,1,1,1,0
2017,TEX,AL,martini01,23,18,2,23,23,0,0,0,0,0,0,0,0,0,0,0,0
2017,TOR,AL,martiru01,91,87,91,89,0,83,0,0,10,0,0,0,0,0,0,3,0
2017,DET,AL,martivi01,107,104,107,0,0,0,0,0,0,0,0,0,0,0,104,3,0
2017,ARI,NL,mathije01,60,56,60,58,0,58,0,0,0,0,0,0,0,0,0,2,0
2017,SDN,NL,matonph01,46,0,44,46,46,0,0,0,0,0,0,0,0,0,0,0,0
2017,NYN,NL,matzst01,17,13,17,13,13,0,0,0,0,0,0,0,0,0,0,2,2
2017,MIN,AL,mauerjo01,141,131,141,125,0,0,125,0,0,0,0,0,0,0,13,7,0
2017,KCA,AL,maurebr01,26,0,1,26,26,0,0,0,0,0,0,0,0,0,0,0,0
2017,SDN,NL,maurebr01,42,0,38,42,42,0,0,0,0,0,0,0,0,0,0,0,0
2017,OAK,AL,maxwebr01,76,62,76,74,0,74,0,0,0,0,0,0,0,0,0,11,0
2017,HOU,AL,maybica01,21,14,21,20,0,0,0,0,0,0,5,15,3,20,1,1,2
2017,LAA,AL,maybica01,93,88,93,89,0,0,0,0,0,0,45,42,7,89,0,5,0
2017,SLN,NL,mayermi01,3,0,3,3,3,0,0,0,0,0,0,0,0,0,0,0,0
2017,CHA,AL,mayja02,15,11,15,15,0,0,0,0,0,0,3,10,2,15,0,1,1
2017,TOR,AL,mayzati01,19,0,1,19,19,0,0,0,0,0,0,0,0,0,0,0,0
2017,TEX,AL,mazarno01,148,142,148,131,0,0,0,0,0,0,47,0,92,131,13,6,0
2017,SDN,NL,mazzoco01,6,0,5,6,6,0,0,0,0,0,0,0,0,0,0,0,0
2017,CLE,AL,mcallza01,50,0,3,50,50,0,0,0,0,0,0,0,0,0,0,0,0
2017,HOU,AL,mccanbr01,97,96,97,95,0,95,0,0,0,0,0,0,0,0,2,1,0
2017,DET,AL,mccanja02,106,99,106,103,0,103,0,0,0,0,0,0,0,0,4,5,0
2017,LAN,NL,mccarbr01,19,16,18,19,19,0,0,0,0,0,0,0,0,0,0,0,0
2017,KCA,AL,mccarke01,33,0,2,33,33,0,0,0,0,0,0,0,0,0,0,0,0
2017,HOU,AL,mcculla02,22,22,1,22,22,0,0,0,0,0,0,0,0,0,0,0,0
2017,PIT,NL,mccutan01,156,154,156,152,0,0,0,0,0,0,0,139,13,152,2,2,0
2017,ARI,NL,mcfartj01,43,1,41,43,43,0,0,0,0,0,0,0,0,0,0,0,0
2017,COL,NL,mcgeeja01,62,0,58,62,62,0,0,0,0,0,0,0,0,0,0,0,0
2017,MIA,NL,mcgowdu01,63,0,61,63,63,0,0,0,0,0,0,0,0,0,0,0,0
2017,NYN,NL,mcgowke01,8,0,8,8,8,0,0,0,0,0,0,0,0,0,0,0,0
2017,SDN,NL,mcgraky01,17,0,16,17,17,0,0,0,0,0,0,0,0,0,0,0,0
2017,CIN,NL,mcguide02,6,2,6,6,6,0,0,0,0,0,0,0,0,0,0,0,0
2017,HOU,AL,mchugco01,12,12,1,12,12,0,0,0,0,0,0,0,0,0,0,0,0
2017,COL,NL,mcmahry01,17,3,17,11,0,0,7,4,3,0,0,0,0,0,0,7,2
2017,MIN,AL,mejiaad01,21,21,0,21,21,0,0,0,0,0,0,0,0,0,0,0,0
2017,SLN,NL,mejiaal01,29,10,29,27,0,0,1,7,13,7,0,0,0,0,0,4,3
2017,CLE,AL,mejiafr01,11,1,11,3,0,3,0,0,0,0,0,0,0,0,5,8,1
2017,SFN,NL,melanma01,32,0,31,32,32,0,0,0,0,0,0,0,0,0,0,0,0
2017,CIN,NL,mellake01,2,0,2,2,2,0,0,0,0,0,0,0,0,0,0,0,0
2017,MIN,AL,melviti01,1,1,0,1,1,0,0,0,0,0,0,0,0,0,0,0,0
2017,SDN,NL,melviti01,2,0,2,2,2,0,0,0,0,0,0,0,0,0,0,0,0
2017,TEX,AL,mendeyo01,7,0,0,7,7,0,0,0,0,0,0,0,0,0,0,0,0
2017,OAK,AL,mengdda01,7,7,1,7,7,0,0,0,0,0,0,0,0,0,0,0,0
2017,PIT,NL,mercejo03,145,143,145,144,0,0,0,0,0,144,0,0,0,0,0,1,0
2017,CLE,AL,merriry01,5,4,0,5,5,0,0,0,0,0,0,0,0,0,0,0,0
2017,KCA,AL,merriwh01,145,143,145,144,0,0,1,132,1,0,7,0,10,16,0,0,2
2017,CIN,NL,mesorde01,56,39,56,40,0,40,0,0,0,0,0,0,0,0,2,15,0
2017,LAA,AL,meyeral01,13,13,1,13,13,0,0,0,0,0,0,0,0,0,0,0,0
2017,LAA,AL,middlke01,64,0,5,64,64,0,0,0,0,0,0,0,0,0,0,0,0
2017,TEX,AL,middlwi01,22,7,22,20,0,0,1,0,19,0,0,0,0,0,0,6,3
2017,BAL,AL,mileywa01,32,32,3,32,32,0,0,0,0,0,0,0,0,0,0,0,0
2017,CLE,AL,millean01,57,0,5,57,57,0,0,0,0,0,0,0,0,0,0,0,0
2017,TBA,AL,millebr02,110,96,110,98,0,0,0,98,0,0,0,0,0,0,10,13,0
2017,ARI,NL,millesh01,4,4,4,4,4,0,0,0,0,0,0,0,0,0,0,0,0
2017,PHI,NL,milneho01,37,0,37,37,37,0,0,0,0,0,0,0,0,0,0,0,0
2017,MIL,NL,milonto01,6,3,6,6,6,0,0,0,0,0,0,0,0,0,0,0,0
2017,NYN,NL,milonto01,11,5,10,11,11,0,0,0,0,0,0,0,0,0,0,0,0
2017,CHA,AL,minayju01,40,0,3,40,40,0,0,0,0,0,0,0,0,0,0,0,0
2017,KCA,AL,minormi01,65,0,4,65,65,0,0,0,0,0,0,0,0,0,0,0,0
2017,ATL,NL,minteaj01,16,0,16,16,16,0,0,0,0,0,0,0,0,0,0,0,0
2017,SEA,AL,miranar01,32,29,4,31,31,0,0,0,0,0,0,0,0,0,0,0,1
2017,NYA,AL,mitchbr01,20,1,4,20,20,0,1,0,0,0,0,0,0,0,0,0,0
2017,SLN,NL,molinya01,136,133,136,133,0,133,1,0,0,0,0,0,0,0,0,3,0
2017,OAK,AL,mollsa01,11,0,0,11,11,0,0,0,0,0,0,0,0,0,0,0,0
2017,CHA,AL,moncayo01,54,54,54,54,0,0,0,54,0,0,0,0,0,0,0,0,0
2017,SFN,NL,moncrca01,28,6,28,10,0,0,0,0,0,0,1,0,10,10,0,21,0
2017,KCA,AL,mondera02,25,13,25,23,0,0,0,14,0,9,0,0,0,0,1,2,4
2017,OAK,AL,montafr01,23,0,1,23,23,0,0,0,0,0,0,0,0,0,0,0,0
2017,CHN,NL,montemi01,44,28,44,31,1,29,1,0,0,0,0,0,0,0,0,15,0
2017,TOR,AL,montemi01,32,23,32,27,0,27,0,0,0,0,0,0,0,0,3,5,0
2017,NYN,NL,montera01,34,18,32,34,34,0,0,0,0,0,0,0,0,0,0,0,0
2017,NYA,AL,montgjo01,29,29,2,29,29,0,0,0,0,0,0,0,0,0,0,0,0
2017,CHN,NL,montgmi01,44,14,40,44,44,0,0,0,0,0,0,0,0,0,0,0,0
2017,SEA,AL,moorean02,11,9,0,11,11,0,0,0,0,0,0,0,0,0,0,0,0
2017,SFN,NL,moorema02,32,31,31,32,32,0,0,0,0,0,0,0,0,0,0,0,0
2017,MIA,NL,moorety01,104,36,104,55,0,0,45,0,0,0,7,0,6,13,0,55,2
2017,TOR,AL,moralke01,150,141,150,12,0,0,12,0,0,0,0,0,0,0,129,9,0
2017,HOU,AL,moranco01,7,2,7,7,0,0,4,0,3,1,0,0,0,0,0,2,0
2017,BOS,AL,morelmi01,149,128,149,138,1,0,138,0,0,0,0,0,0,0,9,14,0
2017,TBA,AL,morendi01,5,0,0,5,5,0,0,0,0,0,0,0,0,0,0,0,0
2017,PHI,NL,morgaad01,37,0,36,37,37,0,0,0,0,0,0,0,0,0,0,0,0
2017,KCA,AL,morinmi01,6,0,0,6,6,0,0,0,0,0,0,0,0,0,0,0,0
2017,LAA,AL,morinmi01,10,0,1,10,10,0,0,0,0,0,0,0,0,0,0,0,0
2017,PIT,NL,morofma01,56,26,56,50,0,0,0,28,6,16,0,0,0,0,0,9,5
2017,SFN,NL,moronre01,7,0,6,7,7,0,0,0,0,0,0,0,0,0,0,0,0
2017,ATL,NL,morriak01,8,0,8,8,8,0,0,0,0,0,0,0,0,0,0,0,0
2017,SFN,NL,morribr01,20,0,20,20,20,0,0,0,0,0,0,0,0,0,0,0,0
2017,TBA,AL,morrilo01,149,136,149,126,0,0,126,0,0,0,0,0,0,0,17,12,0
2017,LAN,NL,morrobr01,45,0,43,45,45,0,0,0,0,0,0,0,0,0,0,0,0
2017,SFN,NL,morsemi01,24,7,24,10,0,0,10,0,0,0,1,0,0,1,0,16,0
2017,HOU,AL,mortoch02,25,25,1,25,25,0,0,0,0,0,0,0,0,0,0,0,0
2017,KCA,AL,mossbr01,118,98,118,20,0,0,14,0,0,0,5,0,2,7,90,12,0
2017,ATL,NL,motteja01,46,0,42,46,46,0,0,0,0,0,0,0,0,0,0,0,0
2017,SEA,AL,motteta01,92,68,92,86,0,0,15,18,6,39,15,0,5,19,2,7,7
2017,KCA,AL,moustmi01,148,144,148,127,0,0,0,0,127,0,0,0,0,0,17,4,0
2017,MIN,AL,moyaga01,7,0,0,7,7,0,0,0,0,0,0,0,0,0,0,0,0
2017,KCA,AL,moylape01,79,0,7,79,79,0,0,0,0,0,0,0,0,0,0,0,0
2017,DET,AL,mujiced01,5,0,1,5,5,0,0,0,0,0,0,0,0,0,0,0,0
2017,WAS,NL,murphda08,144,136,144,139,0,0,0,139,0,0,0,0,0,0,0,7,0
2017,ARI,NL,murphjr01,5,1,5,5,0,5,0,0,0,0,0,0,0,0,0,0,0
2017,COL,NL,murphto04,12,6,12,8,0,8,0,0,0,0,0,0,0,0,0,5,0
2017,HOU,AL,musgrjo01,38,15,4,38,38,0,0,0,0,0,0,0,0,0,0,0,0
2017,SDN,NL,myerswi01,155,154,155,154,0,0,154,1,0,0,0,0,0,0,1,1,0
2017,TEX,AL,napolmi01,124,116,124,95,0,0,95,0,0,0,0,0,0,0,26,7,0
2017,CLE,AL,naquity01,19,9,19,17,0,0,0,0,0,0,0,11,8,17,0,4,3
2017,CHA,AL,narvaom01,90,76,90,84,0,83,1,0,0,0,0,0,0,0,1,9,0
2017,PHI,NL,navada01,80,39,80,52,0,0,4,0,0,0,42,0,9,49,1,33,0
2017,DET,AL,navaref01,23,15,23,20,0,0,20,0,0,0,0,0,0,0,3,4,0
2017,OAK,AL,nealza01,6,0,2,6,6,0,0,0,0,0,0,0,0,0,0,0,0
2017,ARI,NL,negrokr01,14,6,14,11,0,0,2,1,0,5,5,0,0,5,0,3,2
2017,MIL,NL,nelsoji02,29,29,27,29,29,0,0,0,0,0,0,0,0,0,0,0,0
2017,PHI,NL,nerishe01,74,0,71,74,74,0,0,0,0,0,0,0,0,0,0,0,0
2017,COL,NL,neshepa01,28,0,25,28,28,0,0,0,0,0,0,0,0,0,0,0,0
2017,PHI,NL,neshepa01,43,0,41,43,43,0,0,0,0,0,0,0,0,0,0,0,0
2017,PIT,NL,neverdo01,24,0,24,24,24,0,0,0,0,0,0,0,0,0,0,0,0
2017,ATL,NL,newcose01,19,19,19,19,19,0,0,0,0,0,0,0,0,0,0,0,0
2017,PIT,NL,ngoepgi01,28,13,28,27,0,0,0,20,3,6,0,0,0,0,0,1,1
2017,PHI,NL,nicasju01,2,0,2,2,2,0,0,0,0,0,0,0,0,0,0,0,0
2017,PIT,NL,nicasju01,65,0,58,65,65,0,0,0,0,0,0,0,0,0,0,0,0
2017,SLN,NL,nicasju01,9,0,9,9,9,0,0,0,0,0,0,0,0,0,0,0,0
2017,TEX,AL,nichobr01,22,16,21,20,1,19,0,0,0,0,0,0,0,0,0,3,0
2017,MIA,NL,nicolju01,20,8,20,20,20,0,0,0,0,0,0,0,0,0,0,0,0
2017,NYN,NL,nidoto01,5,2,5,3,0,3,0,0,0,0,0,0,0,0,0,2,0
2017,MIL,NL,nieuwki01,16,5,16,10,0,0,0,0,0,0,3,7,0,10,0,8,1
2017,NYN,NL,nimmobr01,69,43,69,50,0,0,0,0,0,0,32,12,8,50,1,21,0
2017,PHI,NL,nolaaa01,27,27,25,27,27,0,0,0,0,0,0,0,0,0,0,0,0
2017,LAA,AL,nolasri01,33,33,3,33,33,0,0,0,0,0,0,0,0,0,0,0,0
2017,LAA,AL,norribu01,60,3,4,60,60,0,0,0,0,0,0,0,0,0,0,0,0
2017,DET,AL,norrida01,22,18,0,22,22,0,0,0,0,0,0,0,0,0,0,0,0
2017,TBA,AL,norride01,53,52,53,53,0,53,0,0,0,0,0,0,0,0,0,0,0
2017,PIT,NL,novaiv01,31,31,29,31,31,0,0,0,0,0,0,0,0,0,0,0,0
2017,BOS,AL,nunezed02,38,38,38,34,0,0,0,26,4,5,0,0,0,0,4,0,0
2017,SFN,NL,nunezed02,76,75,76,75,0,0,0,0,49,11,19,0,2,20,0,1,0
2017,OAK,AL,nunezre01,8,3,8,4,0,0,0,0,1,0,3,0,0,3,2,3,0
2017,BAL,AL,nunovi01,12,0,1,12,12,0,0,0,0,0,0,0,0,0,0,0,0
2017,COL,NL,obergsc01,66,0,65,66,66,0,0,0,0,0,0,0,0,0,0,0,0
2017,BAL,AL,odayda01,64,0,2,64,64,0,0,0,0,0,0,0,0,0,0,0,0
2017,TBA,AL,odorija01,28,28,2,28,28,0,0,0,0,0,0,0,0,0,0,0,0
2017,TEX,AL,odorro01,162,159,162,158,0,0,0,158,0,0,0,0,0,0,2,3,0
2017,ATL,NL,oflaher01,22,0,22,22,22,0,0,0,0,0,0,0,0,0,0,0,0
2017,MIA,NL,ogradch01,13,6,13,13,13,0,0,0,0,0,0,0,0,0,0,0,0
2017,TOR,AL,ohlmami01,7,3,7,6,0,6,0,0,0,0,0,0,0,0,0,1,0
2017,SLN,NL,ohse01,62,0,60,62,62,0,0,0,0,0,0,0,0,0,0,0,0
2017,SFN,NL,okertst01,44,0,41,44,44,0,0,0,0,0,0,0,0,0,0,0,0
2017,OAK,AL,olsonma02,59,48,59,53,0,0,43,0,0,0,0,0,12,12,0,8,0
2017,CLE,AL,olsonty01,30,0,0,30,30,0,0,0,0,0,0,0,0,0,0,0,0
2017,KCA,AL,orlanpa01,39,20,39,38,0,0,0,0,0,0,0,18,20,38,0,2,3
2017,PIT,NL,ortizda02,9,2,9,9,0,0,0,0,0,0,2,1,6,9,0,1,0
2017,SFN,NL,osichjo01,54,0,51,54,54,0,0,0,0,0,0,0,0,0,0,0,0
2017,PIT,NL,osunajo01,104,42,104,58,0,0,23,0,0,0,14,0,25,36,0,53,1
2017,TOR,AL,osunaro01,66,0,4,66,66,0,0,0,0,0,0,0,0,0,0,0,0
2017,CLE,AL,oteroda01,52,0,5,52,52,0,0,0,0,0,0,0,0,0,0,0,0
2017,COL,NL,ottavad01,63,0,59,63,63,0,0,0,0,0,0,0,0,0,0,0,0
2017,SDN,NL,overtdi01,1,1,1,1,1,0,0,0,0,0,0,0,0,0,0,0,0
2017,SEA,AL,overtdi01,9,1,1,9,9,0,0,0,0,0,0,0,0,0,0,0,0
2017,ARI,NL,owingch01,97,89,97,91,0,0,0,22,0,54,1,0,25,26,0,6,0
2017,MIA,NL,ozunama01,159,155,159,153,0,0,0,0,0,0,152,3,1,153,2,4,0
2017,SEA,AL,paganem01,34,0,2,34,34,0,0,0,0,0,0,0,0,0,0,0,0
2017,SFN,NL,panikjo01,138,131,138,137,0,0,0,137,0,0,0,0,0,0,0,2,1
2017,LAA,AL,pareded01,18,0,1,18,18,0,0,0,0,0,0,0,0,0,0,0,0
2017,LAN,NL,pareded02,10,0,10,10,10,0,0,0,0,0,0,0,0,0,0,0,0
2017,LAA,AL,parkebl01,71,0,4,71,71,0,0,0,0,0,0,0,0,0,0,0,0
2017,SFN,NL,parkeja03,51,45,51,47,0,0,0,0,0,0,44,0,5,47,1,6,0
2017,TOR,AL,parmlia01,3,1,3,2,0,0,0,0,0,0,1,0,1,2,0,0,1
2017,COL,NL,parrage01,115,99,115,106,0,0,6,0,0,0,82,1,22,103,1,12,0
2017,HOU,AL,paulida01,6,6,0,6,6,0,0,0,0,0,0,0,0,0,0,0,0
2017,SEA,AL,paxtoja01,24,24,0,24,24,0,0,0,0,0,0,0,0,0,0,0,0
2017,SEA,AL,pazosja01,59,0,4,59,59,0,0,0,0,0,0,0,0,0,0,0,0
2017,HOU,AL,peacobr01,34,21,4,34,34,0,0,0,0,0,0,0,0,0,0,0,0
2017,TOR,AL,pearcst01,92,83,92,88,0,0,10,0,0,0,85,0,0,85,2,9,0
2017,LAN,NL,pederjo01,102,74,102,96,0,0,0,0,0,0,4,92,0,96,0,16,1
2017,BOS,AL,pedrodu01,105,103,105,98,0,0,0,98,0,0,0,0,0,0,7,2,0
2017,CHA,AL,pelfrmi01,34,21,1,34,34,0,0,0,0,0,0,0,0,0,0,0,0
2017,CHN,NL,penafe01,25,0,24,25,25,0,0,0,0,0,0,0,0,0,0,0,0
2017,BAL,AL,penafr01,5,3,5,5,0,5,0,0,0,0,0,0,0,0,0,1,0
2017,SFN,NL,pencehu01,134,121,134,125,0,0,0,0,0,0,0,0,125,125,1,11,0
2017,LAA,AL,pennicl01,87,50,87,76,0,0,0,47,18,18,0,0,0,0,1,13,7
2017,ARI,NL,peralda01,140,124,140,126,0,0,0,0,0,0,50,0,78,126,2,14,0
2017,SLN,NL,peraljh01,21,14,21,15,0,0,0,0,15,0,0,0,0,0,0,7,0
2017,CIN,NL,peralwa01,69,0,66,69,69,0,0,0,0,0,0,0,0,0,0,0,0
2017,MIL,NL,peralwi01,19,8,18,19,19,0,0,0,0,0,0,0,0,0,0,0,0
2017,CIN,NL,perazjo01,143,119,143,130,0,0,0,77,0,55,0,2,0,2,0,12,2
2017,SDN,NL,perdolu02,29,29,27,29,29,0,0,0,0,0,0,0,0,0,0,0,0
2017,LAA,AL,perezca02,11,5,11,10,0,10,0,0,0,0,0,0,0,0,1,2,0
2017,MIL,NL,perezhe01,136,98,136,125,1,0,2,17,31,7,53,18,30,88,0,16,3
2017,TEX,AL,perezma02,32,32,2,32,32,0,0,0,0,0,0,0,0,0,0,0,0
2017,WAS,NL,perezol01,50,0,47,50,50,0,0,0,0,0,0,0,0,0,0,0,0
2017,CLE,AL,perezro02,73,66,73,71,0,71,0,0,0,0,0,0,0,0,2,2,0
2017,KCA,AL,perezsa02,129,126,129,115,0,115,0,0,0,0,0,0,0,0,13,2,0
2017,PHI,NL,perkica01,42,16,42,29,0,0,1,0,0,0,15,4,12,28,0,19,1
2017,MIN,AL,perkigl01,8,0,0,8,8,0,0,0,0,0,0,0,0,0,0,0,0
2017,MIA,NL,peterdi01,6,6,6,6,6,0,0,0,0,0,0,0,0,0,0,0,0
2017,ATL,NL,peterja01,89,44,89,66,0,0,7,15,15,4,25,0,2,27,0,25,1
2017,TBA,AL,petersh01,30,20,30,20,0,0,0,0,0,0,15,0,5,20,4,8,1
2017,LAA,AL,petityu01,60,1,2,60,60,0,0,0,0,0,0,0,0,0,0,0,0
2017,CHA,AL,petrija01,27,0,2,27,27,0,0,0,0,0,0,0,0,0,0,0,0
2017,SLN,NL,phamth01,128,116,128,119,0,0,0,0,0,0,86,37,1,119,0,10,1
2017,OAK,AL,phegljo01,57,45,57,56,0,56,0,0,0,0,0,0,0,0,0,4,1
2017,MIA,NL,phelpda01,44,0,43,44,44,0,0,0,0,0,0,0,0,0,0,0,0
2017,SEA,AL,phelpda01,10,0,1,10,10,0,0,0,0,0,0,0,0,0,0,0,0
2017,ATL,NL,phillbr01,120,113,120,113,0,0,0,88,25,0,0,0,0,0,1,7,0
2017,LAA,AL,phillbr01,24,24,24,24,0,0,0,24,0,0,0,0,0,0,0,0,0
2017,MIL,NL,phillbr02,37,24,37,30,0,0,0,0,0,0,4,26,9,30,0,7,1
2017,TOR,AL,pillake01,154,148,154,153,0,0,0,0,0,0,0,153,0,153,0,2,0
2017,NYN,NL,pillty01,7,3,7,7,7,0,0,0,0,0,0,0,0,0,0,0,0
2017,MIL,NL,pinama01,107,83,107,102,0,102,0,0,0,0,0,0,0,0,0,10,0
2017,OAK,AL,pindech01,87,72,87,75,0,0,0,16,0,22,2,7,35,41,7,10,2
2017,NYA,AL,pinedmi01,17,17,2,17,17,0,0,0,0,0,0,0,0,0,0,0,0
2017,PHI,NL,pintori01,26,0,25,25,25,0,0,0,0,0,0,0,0,0,0,0,1
2017,SDN,NL,pireljo01,83,78,83,79,0,0,5,7,1,0,68,0,4,71,3,2,2
2017,SLN,NL,piscost01,107,92,107,99,0,0,0,0,0,0,0,0,99,99,0,10,0
2017,PHI,NL,pivetni01,26,26,25,26,26,0,0,0,0,0,0,0,0,0,0,0,0
2017,NYN,NL,plaweke01,37,26,37,33,2,29,2,0,0,0,0,0,0,0,0,4,1
2017,OAK,AL,plouftr01,58,51,58,52,0,0,0,0,52,0,0,0,0,0,4,2,1
2017,TBA,AL,plouftr01,42,26,42,26,0,0,11,3,12,0,0,0,0,0,11,12,0
2017,PIT,NL,polangr01,108,97,108,96,0,0,0,0,0,0,25,6,68,96,2,10,0
2017,MIN,AL,polanjo01,133,129,133,130,0,0,0,0,0,130,0,0,0,0,2,2,0
2017,ARI,NL,polloaj01,112,100,112,109,0,0,0,0,0,0,0,109,0,109,1,9,0
2017,BOS,AL,pomerdr01,32,32,1,32,32,0,0,0,0,0,0,0,0,0,0,0,0
2017,BOS,AL,porceri01,33,33,2,33,33,0,0,0,0,0,0,0,0,0,0,0,0
2017,SFN,NL,poseybu01,140,133,140,127,0,99,38,0,0,0,0,0,0,0,7,7,0
2017,LAA,AL,poundbr01,11,0,0,11,11,0,0,0,0,0,0,0,0,0,0,0,0
2017,SEA,AL,povsema01,3,0,0,3,3,0,0,0,0,0,0,0,0,0,0,0,0
2017,OAK,AL,powelbo02,29,22,29,28,0,0,0,0,0,0,0,28,0,28,0,1,2
2017,SEA,AL,powelbo02,23,7,23,8,0,0,0,0,0,0,8,0,1,8,9,10,4
2017,MIA,NL,pradoma01,37,34,37,34,0,0,0,0,34,0,0,0,0,0,1,2,0
2017,DET,AL,preslal01,71,60,71,65,0,0,0,0,0,0,13,19,36,65,5,7,0
2017,MIN,AL,pressry01,57,0,2,57,57,0,0,0,0,0,0,0,0,0,0,0,0
2017,BOS,AL,priceda01,16,11,1,16,16,0,0,0,0,0,0,0,0,0,0,0,0
2017,TEX,AL,profaju01,22,18,22,20,0,0,2,1,3,4,12,0,0,12,0,3,0
2017,TBA,AL,pruitau01,31,8,1,30,30,0,0,0,0,0,0,0,0,0,0,0,1
2017,LAA,AL,puellce01,1,1,1,1,0,0,0,0,0,0,1,0,0,1,0,0,0
2017,TBA,AL,puellce01,16,9,16,9,0,0,0,0,0,0,8,0,2,9,5,5,1
2017,LAN,NL,puigya01,152,135,152,145,0,0,0,0,0,0,0,0,145,145,0,12,0
2017,LAA,AL,pujolal01,149,148,149,6,0,0,6,0,0,0,0,0,0,0,143,1,0
2017,CHA,AL,putnaza01,7,0,0,7,7,0,0,0,0,0,0,0,0,0,0,0,0
2017,SDN,NL,quackke01,20,0,18,20,20,0,0,0,0,0,0,0,0,0,0,0,0
2017,COL,NL,quallch01,19,0,18,19,19,0,0,0,0,0,0,0,0,0,0,0,0
2017,CHA,AL,quintjo01,18,18,2,18,18,0,0,0,0,0,0,0,0,0,0,0,0
2017,CHN,NL,quintjo01,14,14,13,14,14,0,0,0,0,0,0,0,0,0,0,0,0
2017,WAS,NL,raburry01,25,14,25,22,0,0,0,0,0,0,22,0,0,22,0,8,0
2017,TOR,AL,ramirca01,12,0,0,12,12,0,0,0,0,0,0,0,0,0,0,0,0
2017,SEA,AL,ramirer02,11,11,1,11,11,0,0,0,0,0,0,0,0,0,0,0,0
2017,TBA,AL,ramirer02,26,8,3,26,26,0,0,0,0,0,0,0,0,0,0,0,0
2017,BOS,AL,ramirha01,133,125,133,18,0,0,18,0,0,0,0,0,0,0,108,7,0
2017,LAA,AL,ramirjc01,27,24,1,27,27,0,0,0,0,0,0,0,0,0,0,0,0
2017,CLE,AL,ramirjo01,152,151,152,151,0,0,0,71,88,0,0,0,0,0,0,1,0
2017,ATL,NL,ramirjo02,68,0,64,68,68,0,0,0,0,0,0,0,0,0,0,0,0
2017,NYN,NL,ramirne01,20,0,19,20,20,0,0,0,0,0,0,0,0,0,0,0,0
2017,SFN,NL,ramirne01,9,0,9,9,9,0,0,0,0,0,0,0,0,0,0,0,0
2017,BOS,AL,ramirno01,2,0,0,2,2,0,0,0,0,0,0,0,0,0,0,0,0
2017,LAA,AL,ramirno01,10,0,0,10,10,0,0,0,0,0,0,0,0,0,0,0,0
2017,MIA,NL,ramosaj01,40,0,37,40,40,0,0,0,0,0,0,0,0,0,0,0,0
2017,NYN,NL,ramosaj01,21,0,19,21,21,0,0,0,0,0,0,0,0,0,0,0,0
2017,PHI,NL,ramosed02,59,0,56,59,59,0,0,0,0,0,0,0,0,0,0,0,0
2017,TBA,AL,ramoswi01,64,57,64,62,0,62,0,0,0,0,0,0,0,0,1,3,0
2017,TBA,AL,rasmuco01,37,29,37,30,0,0,0,0,0,0,23,1,7,30,5,7,0
2017,LAN,NL,ravinjo01,14,0,14,14,14,0,0,0,0,0,0,0,0,0,0,0,0
2017,ARI,NL,rayro02,28,28,27,28,28,0,0,0,0,0,0,0,0,0,0,0,0
2017,WAS,NL,readra01,8,1,8,3,0,3,0,0,0,0,0,0,0,0,0,7,0
2017,MIA,NL,realmjt01,141,135,141,134,0,126,9,0,0,0,0,0,0,0,2,6,0
2017,ATL,NL,reckean01,6,1,6,4,0,4,0,0,0,0,0,0,0,0,0,2,1
2017,HOU,AL,reddijo01,134,121,134,130,0,0,1,0,0,0,48,11,102,129,3,6,2
2017,BOS,AL,reedad01,29,0,2,29,29,0,0,0,0,0,0,0,0,0,0,0,0
2017,NYN,NL,reedad01,48,0,46,48,48,0,0,0,0,0,0,0,0,0,0,0,0
2017,HOU,AL,reedaj01,2,1,2,1,0,0,1,0,0,0,0,0,0,0,1,0,0
2017,CIN,NL,reedco01,12,1,12,12,12,0,0,0,0,0,0,0,0,0,0,0,0
2017,NYA,AL,refsnro01,20,7,20,17,0,0,4,2,0,0,8,0,3,11,1,6,1
2017,TOR,AL,refsnro01,32,14,32,22,0,0,2,18,0,0,2,0,1,3,5,6,5
2017,ARI,NL,reinhja01,2,1,2,1,0,0,0,0,0,1,0,0,0,0,0,1,0
2017,DET,AL,reiniza01,10,0,0,10,10,0,0,0,0,0,0,0,0,0,0,0,0
2017,WAS,NL,rendoan01,147,143,147,145,0,0,0,0,145,0,0,0,0,0,0,2,0
2017,SDN,NL,renfrhu01,122,118,122,120,0,0,0,0,0,0,0,0,120,120,1,3,0
2017,LAA,AL,reverbe01,109,66,109,82,0,0,0,0,0,0,78,6,0,82,3,29,2
2017,NYN,NL,reyesjo01,145,126,145,136,0,0,0,28,36,80,1,1,0,2,0,11,0
2017,COL,NL,reynoma01,148,135,148,138,0,0,138,0,0,0,1,0,0,1,3,8,0
2017,NYN,NL,reynoma03,68,22,68,47,0,0,3,8,23,10,7,0,1,8,0,21,6
2017,NYN,NL,rhameja01,9,0,8,9,9,0,0,0,0,0,0,0,0,0,0,0,0
2017,SDN,NL,richacl01,32,32,31,32,32,0,0,0,0,0,0,0,0,0,0,0,0
2017,LAA,AL,richaga01,6,6,0,6,6,0,0,0,0,0,0,0,0,0,0,0,0
2017,BAL,AL,rickajo01,111,57,111,107,0,0,0,0,0,0,43,21,53,107,0,15,8
2017,MIA,NL,riddljt01,70,61,70,69,0,0,0,0,0,69,0,0,0,0,0,0,1
2017,PHI,NL,riosya01,13,0,13,13,13,0,0,0,0,0,0,0,0,0,0,0,0
2017,PIT,NL,riverfe01,73,0,66,73,73,0,0,0,0,0,0,0,0,0,0,0,0
2017,CHN,NL,riverre01,20,11,20,19,0,19,0,0,0,0,0,0,0,0,0,1,0
2017,NYN,NL,riverre01,54,48,54,53,0,52,1,0,0,0,0,0,0,0,0,2,0
2017,NYN,NL,rivertj01,73,51,73,58,0,0,20,12,28,0,3,0,0,3,0,17,0
2017,MIL,NL,riverya01,1,0,1,1,0,0,0,0,1,0,0,0,0,0,0,1,0
2017,CHN,NL,rizzoan01,157,155,157,157,0,0,157,10,1,0,1,0,0,1,0,2,0
2017,WAS,NL,roarkta01,32,30,30,32,32,0,0,0,0,0,0,0,0,0,0,0,0
2017,CHA,AL,roberda08,31,0,3,31,31,0,0,0,0,0,0,0,0,0,0,0,0
2017,NYA,AL,roberda08,30,0,2,30,30,0,0,0,0,0,0,0,0,0,0,0,0
2017,CLE,AL,roberda09,32,21,32,27,0,0,0,0,0,0,10,2,17,27,2,4,4
2017,TBA,AL,roberda10,75,68,75,74,0,0,0,41,17,24,1,0,0,1,2,1,0
2017,TEX,AL,robindr01,48,32,48,45,0,0,0,7,20,6,15,5,0,20,3,3,3
2017,LAA,AL,robinsh01,20,9,20,17,0,0,0,0,0,0,4,5,8,17,1,2,4
2017,NYN,NL,robleha01,46,0,43,46,46,0,0,0,0,0,0,0,0,0,0,0,0
2017,WAS,NL,roblevi01,13,5,13,10,0,0,0,0,0,0,2,3,6,10,0,4,0
2017,ARI,NL,rodnefe01,61,0,57,61,61,0,0,0,0,0,0,0,0,0,0,0,0
2017,CHA,AL,rodonca01,12,12,3,12,12,0,0,0,0,0,0,0,0,0,0,0,0
2017,BOS,AL,rodried05,25,24,3,25,25,0,0,0,0,0,0,0,0,0,0,0,0
2017,DET,AL,rodrifr03,28,0,0,28,28,0,0,0,0,0,0,0,0,0,0,0,0
2017,PHI,NL,rodrijo04,27,0,26,26,26,0,0,0,0,0,0,0,0,0,0,0,1
2017,TEX,AL,rodriri04,16,0,0,16,16,0,0,0,0,0,0,0,0,0,0,0,0
2017,BAL,AL,rodriri05,5,0,0,5,5,0,0,0,0,0,0,0,0,0,0,0,0
2017,ATL,NL,rodrise01,15,9,15,13,0,0,0,4,5,0,4,0,1,5,0,5,0
2017,PIT,NL,rodrise01,39,24,39,36,0,0,2,8,9,6,3,3,9,14,0,4,1
2017,ATL,NL,roech01,3,0,3,3,3,0,0,0,0,0,0,0,0,0,0,0,0
2017,TBA,AL,roech01,9,0,0,9,9,0,0,0,0,0,0,0,0,0,0,0,0
2017,MIN,AL,rogerta01,69,0,3,69,69,0,0,0,0,0,0,0,0,0,0,0,0
2017,MIA,NL,rojasmi02,90,75,90,88,0,0,2,2,15,77,0,0,0,0,0,3,1
2017,CIN,NL,romansa01,16,16,16,16,16,0,0,0,0,0,0,0,0,0,0,0,0
2017,WAS,NL,romeren01,53,0,50,53,53,0,0,0,0,0,0,0,0,0,0,0,0
2017,DET,AL,rominan01,124,79,124,113,2,1,22,27,23,10,18,24,11,51,7,10,12
2017,NYA,AL,rominau01,80,62,80,77,0,67,12,0,0,0,0,0,0,0,1,9,0
2017,LAN,NL,romose01,30,0,30,30,30,0,0,0,0,0,0,0,0,0,0,0,0
2017,TBA,AL,romose01,25,0,2,25,25,0,0,0,0,0,0,0,0,0,0,0,0
2017,DET,AL,rondobr01,21,0,1,21,21,0,0,0,0,0,0,0,0,0,0,0,0
2017,CHN,NL,rondohe01,61,0,59,61,61,0,0,0,0,0,0,0,0,0,0,0,0
2017,ARI,NL,rosalad01,34,21,34,27,0,0,6,3,11,10,0,0,0,0,0,8,0
2017,OAK,AL,rosalad01,71,59,71,67,0,0,0,8,4,55,1,0,0,1,1,3,2
2017,SLN,NL,rosaral01,3,0,3,0,0,0,0,0,0,0,0,0,0,0,0,3,0
2017,NYN,NL,rosaram01,46,43,46,45,0,0,0,0,0,45,0,0,0,0,0,2,1
2017,MIN,AL,rosared01,151,143,151,150,0,0,0,0,0,0,138,10,16,150,1,0,0
2017,MIN,AL,rosarra01,2,0,0,2,2,0,0,0,0,0,0,0,0,0,0,0,0
2017,SLN,NL,rosentr01,50,0,48,50,50,0,0,0,0,0,0,0,0,0,0,0,0
2017,CHN,NL,rosscza01,1,0,1,1,1,0,0,0,0,0,0,0,0,0,0,0,0
2017,COL,NL,rosscza01,9,0,9,9,9,0,0,0,0,0,0,0,0,0,0,0,0
2017,WAS,NL,rossjo01,20,13,19,13,13,0,0,0,0,0,0,0,0,0,0,3,4
2017,BOS,AL,rossro01,8,0,1,8,8,0,0,0,0,0,0,0,0,0,0,0,0
2017,TEX,AL,rossty01,12,10,1,12,12,0,0,0,0,0,0,0,0,0,0,0,0
2017,TOR,AL,rowlech01,6,3,0,6,6,0,0,0,0,0,0,0,0,0,0,0,0
2017,TEX,AL,ruary01,63,36,63,59,0,0,23,0,0,0,37,0,1,38,3,6,5
2017,MIN,AL,rucindr01,2,0,0,2,2,0,0,0,0,0,0,0,0,0,0,0,0
2017,SFN,NL,ruggiju01,19,14,19,17,0,0,0,0,0,0,5,2,12,17,0,3,0
2017,SEA,AL,ruizca01,54,41,53,49,1,47,1,0,0,0,0,0,0,0,1,5,0
2017,SDN,NL,ruizjo01,1,0,1,1,1,0,0,0,0,0,0,0,0,0,0,0,0
2017,ATL,NL,ruizri01,53,41,53,42,0,0,2,0,41,0,0,0,0,0,0,11,0
2017,PIT,NL,runzlda01,8,0,8,8,8,0,0,0,0,0,0,0,0,0,0,0,0
2017,PHI,NL,ruppca01,88,83,88,88,0,88,0,0,0,0,0,0,0,0,0,1,0
2017,COL,NL,rusinch01,60,0,54,60,60,0,0,0,0,0,0,0,0,0,0,0,0
2017,CHN,NL,russead02,110,91,110,101,0,0,0,0,0,101,0,0,0,0,0,13,0
2017,BOS,AL,rutlejo01,37,26,37,37,0,0,5,16,20,0,0,0,0,0,0,3,0
2017,DET,AL,ryanky01,8,0,0,8,8,0,0,0,0,0,0,0,0,0,0,0,0
2017,LAN,NL,ryuhy01,25,24,23,25,25,0,0,0,0,0,0,0,0,0,0,0,0
2017,SEA,AL,rzepcma01,64,0,6,64,64,0,0,0,0,0,0,0,0,0,0,0,0
2017,NYA,AL,sabatcc01,27,27,2,27,27,0,0,0,0,0,0,0,0,0,0,0,0
2017,CHA,AL,saladty01,79,67,79,61,0,0,3,26,22,13,0,0,0,0,15,4,3
2017,LAA,AL,salasfe01,13,0,0,13,13,0,0,0,0,0,0,0,0,0,0,0,0
2017,NYN,NL,salasfe01,48,0,46,48,48,0,0,0,0,0,0,0,0,0,0,0,0
2017,CLE,AL,salazda01,23,19,0,23,23,0,0,0,0,0,0,0,0,0,0,0,0
2017,BOS,AL,salech01,32,32,1,32,32,0,0,0,0,0,0,0,0,0,0,0,0
2017,TOR,AL,saltaja01,10,6,10,7,0,7,0,0,0,0,0,0,0,0,2,1,2
2017,SFN,NL,samarje01,35,32,33,32,32,0,0,0,0,0,0,0,0,0,0,2,1
2017,TOR,AL,sanchaa01,8,8,0,8,8,0,0,0,0,0,0,0,0,0,0,0,0
2017,WAS,NL,sanchad01,34,15,34,25,0,0,0,10,7,8,0,0,0,0,0,11,2
2017,DET,AL,sanchan01,28,17,2,28,28,0,0,0,0,0,0,0,0,0,0,0,0
2017,PIT,NL,sanchan03,8,0,8,8,8,0,0,0,0,0,0,0,0,0,0,0,0
2017,CHA,AL,sanchca01,141,124,141,130,0,0,0,78,52,4,0,0,1,1,8,10,4
2017,NYA,AL,sanchga02,122,117,122,104,0,104,2,0,0,0,0,0,0,0,18,3,0
2017,SDN,NL,sanchhe01,75,23,75,30,0,25,6,0,0,0,0,0,0,0,2,49,0
2017,ATL,NL,sanchto01,1,0,1,0,0,0,0,0,0,0,0,0,0,0,0,1,0
2017,BOS,AL,sandopa01,32,27,32,29,0,0,0,1,29,0,0,0,0,0,2,3,0
2017,SFN,NL,sandopa01,47,43,47,45,0,0,9,0,38,0,0,0,0,0,0,4,0
2017,MIN,AL,sanomi01,114,110,114,88,0,0,9,0,82,0,0,0,0,0,25,4,0
2017,BAL,AL,santaan02,13,6,13,12,0,0,0,0,0,0,4,0,8,12,0,4,0
2017,CLE,AL,santaca01,154,153,154,146,0,0,140,0,0,0,0,0,7,7,7,1,0
2017,ATL,NL,santada01,69,26,69,47,0,0,0,7,4,0,30,3,6,38,1,31,1
2017,MIN,AL,santada01,13,6,13,12,0,0,0,1,1,0,8,0,3,10,1,3,2
2017,MIL,NL,santado01,151,139,151,144,0,0,0,0,0,0,0,0,144,144,0,8,0
2017,PIT,NL,santaed01,19,0,19,19,19,0,0,0,0,0,0,0,0,0,0,0,0
2017,MIN,AL,santaer01,33,33,3,33,33,0,0,0,0,0,0,0,0,0,0,0,0
2017,MIN,AL,santihe01,15,14,0,15,15,0,0,0,0,0,0,0,0,0,0,0,0
2017,TOR,AL,santolu01,10,0,0,10,10,0,0,0,0,0,0,0,0,0,0,0,0
2017,SDN,NL,sardilu01,29,6,29,17,1,0,0,7,4,5,0,0,0,0,0,17,0
2017,PHI,NL,saundmi01,61,50,61,52,0,0,0,0,0,0,0,0,52,52,1,9,0
2017,TOR,AL,saundmi01,12,3,12,6,0,0,0,0,0,0,4,0,2,6,1,8,0
2017,DET,AL,saupowa01,45,0,4,45,45,0,0,0,0,0,0,0,0,0,0,0,0
2017,MIL,NL,scahiro01,18,0,18,18,18,0,0,0,0,0,0,0,0,0,0,0,0
2017,CIN,NL,schebsc01,141,128,141,133,0,0,0,0,0,0,0,15,120,133,0,9,1
2017,TEX,AL,schepta01,5,0,0,5,5,0,0,0,0,0,0,0,0,0,0,0,0
2017,WAS,NL,scherma01,31,31,30,31,31,0,0,0,0,0,0,0,0,0,0,0,0
2017,SDN,NL,schimry01,53,47,53,50,0,0,0,0,50,0,0,0,0,0,1,3,0
2017,BAL,AL,schoojo01,160,160,160,160,0,0,0,159,0,5,0,0,0,0,0,0,0
2017,PIT,NL,schugaj01,32,0,30,32,32,0,0,0,0,0,0,0,0,0,0,0,0
2017,CHN,NL,schwaky01,129,109,129,110,0,4,1,0,0,0,110,0,0,110,8,15,0
2017,BOS,AL,scottro02,57,0,6,57,57,0,0,0,0,0,0,0,0,0,0,0,0
2017,BAL,AL,scottta01,2,0,0,2,2,0,0,0,0,0,0,0,0,0,0,0,0
2017,SEA,AL,scribev01,8,0,0,8,8,0,0,0,0,0,0,0,0,0,0,0,0
2017,LAA,AL,scribtr01,10,4,0,10,10,0,0,0,0,0,0,0,0,0,0,0,0
2017,LAN,NL,seageco01,145,135,145,138,0,0,0,0,0,138,0,0,0,0,1,9,0
2017,SEA,AL,seageky01,154,153,154,154,0,0,0,0,154,0,0,0,0,0,0,1,0
2017,LAN,NL,segedro01,13,4,13,11,0,0,6,0,5,0,1,0,0,1,0,3,0
2017,SEA,AL,segurje01,125,124,125,124,0,0,0,0,0,124,0,0,0,0,0,1,0
2017,BOS,AL,selskst01,8,1,8,3,0,0,0,0,2,0,0,1,0,1,2,3,2
2017,OAK,AL,semiema01,85,85,85,85,0,0,0,0,0,85,0,0,0,0,0,0,0
2017,COL,NL,senzaan01,36,20,33,36,36,0,0,0,0,0,0,0,0,0,0,0,0
2017,NYA,AL,severlu01,31,31,2,31,31,0,0,0,0,0,0,0,0,0,0,0,0
2017,WAS,NL,severpe01,17,6,17,10,0,10,0,0,0,0,0,0,0,0,1,6,2
2017,NYN,NL,sewalpa01,57,0,56,57,57,0,0,0,0,0,0,0,0,0,0,0,0
2017,CIN,NL,shackke01,26,0,26,26,26,0,0,0,0,0,0,0,0,0,0,0,0
2017,CLE,AL,shawbr01,79,0,6,79,79,0,0,0,0,0,0,0,0,0,0,0,0
2017,MIL,NL,shawtr01,144,142,144,143,0,0,1,0,143,0,0,0,0,0,1,1,0
2017,ARI,NL,sherfji01,11,0,10,11,11,0,0,0,0,0,0,0,0,0,0,0,0
2017,SLN,NL,sherrry01,13,0,13,13,13,0,0,0,0,0,0,0,0,0,0,0,0
2017,CHA,AL,shielja02,21,21,0,21,21,0,0,0,0,0,0,0,0,0,0,0,0
2017,ARI,NL,shiplbr01,10,3,9,10,10,0,0,0,0,0,0,0,0,0,0,0,0
2017,LAA,AL,shoemma01,14,14,1,14,14,0,0,0,0,0,0,0,0,0,0,0,0
2017,NYA,AL,shrevch01,44,0,3,44,44,0,0,0,0,0,0,0,0,0,0,0,0
2017,PHI,NL,siegrke01,7,0,7,7,7,0,0,0,0,0,0,0,0,0,0,0,0
2017,SLN,NL,siegrke01,39,0,36,39,39,0,0,0,0,0,0,0,0,0,0,0,0
2017,SLN,NL,sierrma01,22,14,22,17,0,0,0,0,0,0,3,7,8,17,0,4,3
2017,LAA,AL,simmoan01,158,158,158,158,0,0,0,0,0,158,0,0,0,0,0,0,0
2017,SEA,AL,simmosh01,9,0,0,9,9,0,0,0,0,0,0,0,0,0,0,0,0
2017,ATL,NL,simslu01,14,10,14,14,14,0,0,0,0,0,0,0,0,0,0,0,0
2017,HOU,AL,sippto01,46,0,5,46,46,0,0,0,0,0,0,0,0,0,0,0,0
2017,BAL,AL,siscoch01,10,4,10,10,0,10,0,0,0,0,0,0,0,0,0,3,0
2017,LAA,AL,skaggty01,16,16,1,16,16,0,0,0,0,0,0,0,0,0,0,0,0
2017,KCA,AL,skogler01,7,5,1,7,7,0,0,0,0,0,0,0,0,0,0,0,0
2017,SFN,NL,slanida01,1,0,1,1,1,0,0,0,0,0,0,0,0,0,0,0,0
2017,SFN,NL,slateau01,34,32,34,33,0,0,0,0,1,0,30,1,3,33,0,2,0
2017,MIN,AL,slegeaa01,4,3,0,4,4,0,0,0,0,0,0,0,0,0,0,0,0
2017,BOS,AL,smithca02,8,0,1,8,8,0,0,0,0,0,0,0,0,0,0,0,0
2017,NYA,AL,smithca03,9,2,1,9,9,0,0,0,0,0,0,0,0,0,0,0,0
2017,OAK,AL,smithch07,14,9,2,14,14,0,0,0,0,0,0,0,0,0,0,0,0
2017,TOR,AL,smithch09,4,0,0,4,4,0,0,0,0,0,0,0,0,0,0,0,0
2017,NYN,NL,smithdo02,49,44,49,46,0,0,46,0,0,0,0,0,0,0,0,4,0
2017,TOR,AL,smithdw02,12,6,12,10,0,0,0,0,0,0,9,1,1,10,0,2,1
2017,CLE,AL,smithjo05,21,0,0,21,21,0,0,0,0,0,0,0,0,0,0,0,0
2017,TOR,AL,smithjo05,38,0,4,38,38,0,0,0,0,0,0,0,0,0,0,0,0
2017,OAK,AL,smithjo07,26,0,1,26,26,0,0,0,0,0,0,0,0,0,0,0,0
2017,CHA,AL,smithke04,87,73,87,79,0,79,0,0,0,0,0,0,0,0,4,12,0
2017,TBA,AL,smithma05,81,68,81,78,0,0,0,0,0,0,24,51,9,78,1,9,3
2017,BAL,AL,smithse01,111,89,111,91,0,0,0,0,0,0,12,0,80,91,7,18,0
2017,SEA,AL,smithty01,10,4,10,9,0,0,0,3,0,6,0,0,0,0,1,2,1
2017,TOR,AL,smoakju01,158,147,158,151,0,0,151,0,0,0,0,0,0,0,2,8,0
2017,NYN,NL,smokejo01,54,0,49,54,54,0,0,0,0,0,0,0,0,0,0,0,0
2017,OAK,AL,smolija01,16,7,16,11,0,0,0,0,0,0,1,9,1,11,2,4,3
2017,TBA,AL,snellbl01,24,24,3,24,24,0,0,0,0,0,0,0,0,0,0,0,0
2017,SLN,NL,socolmi01,15,0,13,15,15,0,0,0,0,0,0,0,0,0,0,0,0
2017,MIL,NL,sogarer01,94,60,94,82,0,0,0,60,7,26,1,0,0,1,0,24,0
2017,SDN,NL,solarya01,128,123,128,122,0,0,8,79,22,28,0,0,0,0,2,4,0
2017,KCA,AL,solerjo01,35,25,35,22,0,0,0,0,0,0,7,0,15,22,11,5,0
2017,WAS,NL,solissa01,30,0,29,30,30,0,0,0,0,0,0,0,0,0,0,0,0
2017,KCA,AL,soriajo01,59,0,3,59,59,0,0,0,0,0,0,0,0,0,0,0,0
2017,CHA,AL,sotoge01,13,12,13,13,0,13,0,0,0,0,0,0,0,0,0,1,0
2017,TBA,AL,souzast01,148,144,148,139,0,0,0,0,0,0,0,3,138,139,6,3,0
2017,SFN,NL,spande01,129,116,129,123,0,0,0,0,0,0,0,123,0,123,0,12,0
2017,SDN,NL,spangco01,129,115,129,124,0,0,0,7,96,0,32,0,0,32,0,9,0
2017,TOR,AL,sparkgl01,2,0,0,2,2,0,0,0,0,0,0,0,0,0,0,0,0
2017,HOU,AL,springe01,140,137,140,131,0,0,0,0,0,0,0,84,78,131,7,2,0
2017,PIT,NL,stallja01,5,3,5,5,0,5,0,0,0,0,0,0,0,0,0,0,0
2017,SDN,NL,stammcr01,60,0,57,60,60,0,0,0,0,0,0,0,0,0,0,0,0
2017,TBA,AL,stanery01,21,0,0,21,21,0,0,0,0,0,0,0,0,0,0,0,0
2017,MIA,NL,stantmi03,159,154,159,149,0,0,0,0,0,0,0,0,149,149,4,5,0
2017,PHI,NL,stassbr01,51,14,51,24,0,0,21,0,0,0,3,0,0,3,0,28,0
2017,HOU,AL,stassma01,14,6,14,12,0,11,1,0,0,0,0,0,0,0,2,3,0
2017,MIA,NL,steckdr01,37,0,35,37,37,0,0,0,0,0,0,0,0,0,0,0,0
2017,CIN,NL,stephja01,7,4,7,7,7,0,0,0,0,0,0,0,0,0,0,0,0
2017,CIN,NL,stephro01,26,11,25,25,25,0,0,0,0,0,0,0,0,0,0,0,1
2017,WAS,NL,stevean01,37,12,37,28,0,0,0,0,0,0,9,5,14,28,0,12,3
2017,LAN,NL,stewabr01,17,4,16,17,17,0,0,0,0,0,0,0,0,0,0,0,0
2017,PIT,NL,stewach01,51,40,51,48,0,48,0,0,0,0,0,0,0,0,0,3,0
2017,CIN,NL,storedr01,58,0,55,58,58,0,0,0,0,0,0,0,0,0,0,0,0
2017,COL,NL,storytr01,145,133,145,142,0,0,0,0,0,142,0,0,0,0,0,6,1
2017,KCA,AL,strahma01,24,3,1,24,24,0,0,0,0,0,0,0,0,0,0,0,0
2017,MIA,NL,straida01,33,33,31,33,33,0,0,0,0,0,0,0,0,0,0,0,0
2017,WAS,NL,strasst01,28,28,26,28,28,0,0,0,0,0,0,0,0,0,0,0,0
2017,SFN,NL,stratch01,13,10,12,13,13,0,0,0,0,0,0,0,0,0,0,0,0
2017,LAA,AL,streehu01,4,0,1,4,4,0,0,0,0,0,0,0,0,0,0,0,0
2017,SFN,NL,strichu01,68,0,66,68,68,0,0,0,0,0,0,0,0,0,0,0,0
2017,LAN,NL,stripro01,51,2,48,49,49,0,0,0,0,0,0,0,0,0,0,0,2
2017,TOR,AL,stromma01,34,33,3,33,33,0,0,0,0,0,0,0,0,0,0,1,0
2017,CHN,NL,stroppe01,69,0,65,69,69,0,0,0,0,0,0,0,0,0,0,0,0
2017,SFN,NL,stubbdr01,10,6,10,10,0,0,0,0,0,0,0,10,0,10,0,0,1
2017,DET,AL,stumpda01,55,0,6,55,55,0,0,0,0,0,0,0,0,0,0,0,0
2017,SFN,NL,suareal01,18,0,17,18,18,0,0,0,0,0,0,0,0,0,0,0,0
2017,CIN,NL,suareeu01,156,149,156,153,0,0,0,0,153,1,0,0,0,0,0,4,0
2017,TBA,AL,sucreje01,63,51,62,62,1,61,0,0,0,0,0,0,0,0,0,2,0
2017,MIL,NL,susacan01,8,2,8,2,0,2,0,0,0,0,0,0,0,0,0,6,0
2017,MIL,NL,suterbr01,23,14,21,22,22,0,0,0,0,0,0,0,0,0,0,0,1
2017,MIA,NL,suzukic01,136,22,136,33,0,0,0,0,0,0,9,10,16,33,1,109,1
2017,ATL,NL,suzukku01,81,71,81,77,0,77,0,0,0,0,0,0,0,0,0,7,0
2017,ATL,NL,swansda01,144,135,144,142,0,0,0,0,0,142,0,0,0,0,0,2,3
2017,CHA,AL,swarzan01,41,0,3,41,41,0,0,0,0,0,0,0,0,0,0,0,0
2017,MIL,NL,swarzan01,29,0,27,29,29,0,0,0,0,0,0,0,0,0,0,0,0
2017,BOS,AL,swihabl01,6,0,6,4,0,4,0,0,0,0,0,0,0,0,2,1,4
2017,NYN,NL,syndeno01,7,7,7,7,7,0,0,0,0,0,0,0,0,0,0,0,0
2017,CHN,NL,szczuma01,15,2,15,7,0,0,0,0,0,0,5,1,3,7,0,11,0
2017,SDN,NL,szczuma01,104,37,104,74,0,0,0,0,0,0,44,20,15,74,0,41,2
2017,NYN,NL,taijetr01,26,13,26,15,0,0,0,0,0,0,0,0,15,15,0,11,0
2017,PIT,NL,taillja01,25,25,23,25,25,0,0,0,0,0,0,0,0,0,0,0,0
2017,NYA,AL,tanakma01,30,30,1,30,30,0,0,0,0,0,0,0,0,0,0,0,0
2017,COL,NL,tapiara01,70,32,70,46,0,0,0,0,0,0,18,6,22,46,1,28,4
2017,COL,NL,tauchmi01,31,2,31,9,0,0,0,0,0,0,3,3,3,9,0,19,6
2017,BOS,AL,taylobe03,14,0,2,14,14,0,0,0,0,0,0,0,0,0,0,0,0
2017,LAN,NL,tayloch03,140,125,140,131,0,0,0,22,8,14,48,49,0,96,0,13,0
2017,WAS,NL,taylomi02,118,106,118,113,0,0,0,0,0,0,0,111,2,113,0,6,1
2017,MIA,NL,tazawju01,55,0,53,55,55,0,0,0,0,0,0,0,0,0,0,0,0
2017,ATL,NL,teherju01,37,32,35,32,32,0,0,0,0,0,0,0,0,0,0,4,1
2017,BAL,AL,tejadru01,41,32,41,41,0,0,0,4,6,36,0,0,0,0,0,1,0
2017,MIA,NL,telisto01,48,19,48,32,0,6,28,0,0,0,0,0,0,0,0,21,0
2017,TOR,AL,teperry01,73,0,6,73,73,0,0,0,0,0,0,0,0,0,0,0,0
2017,MIN,AL,tepesni01,1,1,0,1,1,0,0,0,0,0,0,0,0,0,0,0,0
2017,TOR,AL,tepesni01,3,3,1,3,3,0,0,0,0,0,0,0,0,0,0,0,0
2017,MIL,NL,thameer01,138,123,138,127,0,0,108,0,0,0,25,0,5,29,2,13,0
2017,PHI,NL,therrje01,15,0,14,15,15,0,0,0,0,0,0,0,0,0,0,0,0
2017,PHI,NL,thompja03,12,8,11,11,11,0,0,0,0,0,0,0,0,0,0,1,0
2017,LAN,NL,thomptr01,27,12,27,19,0,0,0,0,0,0,7,9,8,19,0,7,2
2017,BAL,AL,tillmch01,24,19,0,24,24,0,0,0,0,0,0,0,0,0,0,0,0
2017,LAN,NL,tolesan01,31,19,31,28,0,0,0,0,0,0,21,10,0,28,0,10,0
2017,HOU,AL,tollias01,3,0,1,3,3,0,0,0,0,0,0,0,0,0,0,0,0
2017,ARI,NL,tomasya01,47,42,47,42,0,0,0,0,0,0,42,0,0,42,0,5,0
2017,CLE,AL,tomlijo01,26,26,3,26,26,0,0,0,0,0,0,0,0,0,0,0,0
2017,SFN,NL,tomlike01,104,38,104,61,0,0,0,20,24,11,9,0,0,9,0,51,4
2017,MIN,AL,tonkimi01,16,0,0,16,16,0,0,0,0,0,0,0,0,0,0,0,0
2017,MIL,NL,torreca01,67,0,64,67,67,0,0,0,0,0,0,0,0,0,0,0,0
2017,SDN,NL,torrejo02,62,0,57,62,62,0,0,0,0,0,0,0,0,0,0,0,0
2017,SDN,NL,torrelu01,56,31,56,51,0,51,0,0,0,0,0,0,0,0,0,7,0
2017,KCA,AL,torrera01,33,17,33,33,0,0,0,20,12,3,0,0,0,0,0,0,2
2017,NYA,AL,torrero01,108,85,108,105,0,0,0,54,26,36,0,0,1,1,1,7,5
2017,TOR,AL,travide01,50,46,50,50,0,0,0,50,0,0,0,0,0,0,0,1,1
2017,BOS,AL,travisa01,33,19,33,21,0,0,21,0,0,0,0,0,0,0,6,10,1
2017,OAK,AL,treinbl01,35,0,4,35,35,0,0,0,0,0,0,0,0,0,0,0,0
2017,WAS,NL,treinbl01,37,0,35,37,37,0,0,0,0,0,0,0,0,0,0,0,0
2017,OAK,AL,triggan01,12,12,0,12,12,0,0,0,0,0,0,0,0,0,0,0,0
2017,LAA,AL,troutmi01,114,114,114,108,0,0,0,0,0,0,0,108,0,108,6,0,0
2017,BAL,AL,trumbma01,146,143,146,35,0,0,2,0,2,0,0,0,31,31,111,3,0
2017,CHN,NL,tsengje01,2,1,2,2,2,0,0,0,0,0,0,0,0,0,0,0,0
2017,SLN,NL,tuivasa01,37,0,34,37,37,0,0,0,0,0,0,0,0,0,0,0,0
2017,TOR,AL,tulowtr01,66,64,66,64,0,0,0,0,0,64,0,0,0,0,0,2,0
2017,MIN,AL,turleni01,10,3,1,10,10,0,0,0,0,0,0,0,0,0,0,0,0
2017,WAS,NL,turneja01,18,2,16,18,18,0,0,0,0,0,0,0,0,0,0,0,0
2017,LAN,NL,turneju01,130,124,130,121,0,0,0,0,121,0,0,0,0,0,5,6,0
2017,CIN,NL,turnest01,37,18,37,28,0,28,0,0,0,0,0,0,0,0,0,11,0
2017,WAS,NL,turnetr01,98,96,98,95,0,0,0,0,0,95,0,0,0,0,0,1,1
2017,CHN,NL,ueharko01,49,0,45,49,49,0,0,0,0,0,0,0,0,0,0,0,0
2017,DET,AL,uptonju01,125,124,125,124,0,0,0,0,0,0,124,0,0,124,0,1,0
2017,LAA,AL,uptonju01,27,27,27,27,0,0,0,0,0,0,27,0,0,27,0,0,0
2017,MIA,NL,urenajo01,36,28,32,34,34,0,0,0,0,0,0,0,0,0,0,0,2
2017,TOR,AL,urenari01,21,17,21,21,0,0,0,1,0,20,0,0,0,0,0,0,1
2017,LAN,NL,uriasju01,5,5,5,5,5,0,0,0,0,0,0,0,0,0,0,0,0
2017,CLE,AL,urshegi01,67,40,67,67,0,0,2,5,60,5,0,0,0,0,0,0,5
2017,LAN,NL,utleych01,127,81,127,94,0,0,17,80,0,0,0,0,0,0,3,44,0
2017,COL,NL,valaipa01,110,29,110,51,0,0,5,8,19,22,5,0,0,5,2,66,0
2017,LAA,AL,valbulu01,117,95,117,105,0,0,48,0,59,0,0,0,0,0,3,19,0
2017,OAK,AL,valdece01,4,1,0,4,4,0,0,0,0,0,0,0,0,0,0,0,0
2017,TOR,AL,valdece01,7,3,0,7,7,0,0,0,0,0,0,0,0,0,0,0,0
2017,LAA,AL,valdejo03,1,0,0,1,1,0,0,0,0,0,0,0,0,0,0,0,0
2017,SDN,NL,valdejo03,13,0,12,13,13,0,0,0,0,0,0,0,0,0,0,0,0
2017,SEA,AL,valenda01,130,117,130,126,0,0,118,0,1,0,0,0,10,10,0,10,1
2017,SLN,NL,valerbr01,5,2,5,3,0,0,0,3,0,0,0,0,0,0,0,3,0
2017,LAN,NL,vanslsc01,29,7,29,19,0,0,9,0,0,0,11,1,1,12,0,18,0
2017,ARI,NL,vargail01,12,0,12,5,0,0,0,3,2,0,0,0,0,0,0,7,2
2017,KCA,AL,vargaja01,32,32,1,32,32,0,0,0,0,0,0,0,0,0,0,0,0
2017,MIN,AL,vargake01,78,60,78,40,0,0,40,0,0,0,0,0,0,0,30,12,0
2017,BOS,AL,vazquch01,99,87,99,96,0,95,0,0,2,0,0,0,0,0,2,1,1
2017,PHI,NL,velasvi01,16,15,16,15,15,0,0,0,0,0,0,0,0,0,0,1,0
2017,BOS,AL,velazhe01,8,3,1,8,8,0,0,0,0,0,0,0,0,0,0,0,0
2017,LAN,NL,verdual01,15,4,15,10,0,0,0,0,0,0,3,6,3,10,0,7,0
2017,DET,AL,verhadr01,24,2,2,24,24,0,0,0,0,0,0,0,0,0,0,0,0
2017,DET,AL,verlaju01,28,28,2,28,28,0,0,0,0,0,0,0,0,0,0,0,0
2017,HOU,AL,verlaju01,5,5,0,5,5,0,0,0,0,0,0,0,0,0,0,0,0
2017,BAL,AL,verrelo01,4,0,0,4,4,0,0,0,0,0,0,0,0,0,0,0,0
2017,SEA,AL,vieirth01,1,0,0,1,1,0,0,0,0,0,0,0,0,0,0,0,0
2017,SDN,NL,villach01,12,7,12,9,0,0,0,0,9,0,0,0,0,0,0,4,0
2017,MIL,NL,villajo01,122,90,122,101,0,0,0,98,0,0,0,6,0,6,1,27,2
2017,SEA,AL,vinceni01,69,0,6,69,69,0,0,0,0,0,0,0,0,0,0,0,0
2017,CIN,NL,vinceza01,9,1,9,4,0,0,0,1,0,3,0,0,0,0,0,5,0
2017,ATL,NL,vizcaar01,62,0,56,62,62,0,0,0,0,0,0,0,0,0,0,0,0
2017,SEA,AL,vogelda01,16,6,16,7,0,0,7,0,0,0,0,0,0,0,2,8,0
2017,MIL,NL,vogtst01,45,33,45,38,0,38,0,0,0,0,0,0,0,0,0,12,0
2017,OAK,AL,vogtst01,54,43,54,44,0,43,0,0,0,0,1,0,0,1,8,8,0
2017,SLN,NL,voitlu01,62,19,62,31,0,0,31,0,0,0,0,0,0,0,1,37,0
2017,MIA,NL,volqued01,17,17,15,17,17,0,0,0,0,0,0,0,0,0,0,0,0
2017,CHA,AL,volstch01,6,2,0,6,6,0,0,0,0,0,0,0,0,0,0,0,0
2017,CIN,NL,vottojo01,162,162,162,162,0,0,162,0,0,0,0,0,0,0,0,0,0
2017,SLN,NL,wachami01,30,30,28,30,30,0,0,0,0,0,0,0,0,0,0,0,0
2017,NYA,AL,wadety01,30,14,30,27,0,0,0,15,0,7,5,0,2,7,1,4,3
2017,OAK,AL,wahlbo01,7,0,0,7,7,0,0,0,0,0,0,0,0,0,0,0,0
2017,SLN,NL,wainwad01,26,23,24,24,24,0,0,0,0,0,0,0,0,0,0,2,0
2017,ARI,NL,walkech02,11,1,11,1,0,0,1,0,0,0,0,0,0,0,1,10,0
2017,MIL,NL,walkene01,38,33,38,35,0,0,14,27,2,0,0,0,0,0,0,5,0
2017,NYN,NL,walkene01,73,69,73,70,0,0,3,68,2,0,0,0,0,0,0,3,0
2017,ARI,NL,walketa01,28,28,25,28,28,0,0,0,0,0,0,0,0,0,0,0,0
2017,CIN,NL,wallach01,6,2,6,4,0,3,1,0,0,0,0,0,0,0,0,3,0
2017,MIL,NL,wangwe01,8,0,8,8,8,0,0,0,0,0,0,0,0,0,0,0,0
2017,NYA,AL,warread01,46,0,4,46,46,0,0,0,0,0,0,0,0,0,0,0,0
2017,BAL,AL,washida01,3,1,3,2,0,0,0,0,0,0,0,0,2,2,1,1,0
2017,LAN,NL,watsoto01,24,0,24,24,24,0,0,0,0,0,0,0,0,0,0,0,0
2017,PIT,NL,watsoto01,47,0,44,47,47,0,0,0,0,0,0,0,0,0,0,0,0
2017,SDN,NL,weaveje02,9,9,8,9,9,0,0,0,0,0,0,0,0,0,0,0,0
2017,SLN,NL,weavelu01,15,10,15,13,13,0,0,0,0,0,0,0,0,0,0,0,2
2017,MIL,NL,webbty01,2,0,2,2,2,0,0,0,0,0,0,0,0,0,0,0,0
2017,NYA,AL,webbty01,7,0,0,7,7,0,0,0,0,0,0,0,0,0,0,0,0
2017,SEA,AL,weberry01,1,1,0,1,1,0,0,0,0,0,0,0,0,0,0,0,0
2017,TBA,AL,weeksri01,37,26,37,12,0,0,12,0,0,0,0,0,0,0,17,11,0
2017,OAK,AL,wendljo01,8,3,8,5,0,0,0,5,0,0,0,0,0,0,0,4,0
2017,WAS,NL,werthja01,70,69,70,67,0,0,0,0,0,0,51,0,16,67,2,1,0
2017,SEA,AL,whalero01,2,1,0,2,2,0,0,0,0,0,0,0,0,0,0,0,0
2017,MIN,AL,wheelja01,2,0,0,2,2,0,0,0,0,0,0,0,0,0,0,0,0
2017,NYN,NL,wheelza01,18,17,17,17,17,0,0,0,0,0,0,0,0,0,0,1,0
2017,HOU,AL,whitety01,22,13,22,21,1,0,19,4,0,0,2,0,0,2,0,4,0
2017,TBA,AL,whitlch01,41,0,4,41,41,0,0,0,0,0,0,0,0,0,0,0,0
2017,WAS,NL,wietema01,123,113,123,118,0,118,0,0,0,0,0,0,0,0,0,8,0
2017,ARI,NL,wilheto01,27,0,27,27,27,0,0,0,0,0,0,0,0,0,0,0,0
2017,MIN,AL,wilkad01,3,1,0,3,3,0,0,0,0,0,0,0,0,0,0,0,0
2017,NYN,NL,wilkad01,1,1,1,1,1,0,0,0,0,0,0,0,0,0,0,0,0
2017,MIL,NL,wilkeaa01,3,2,3,3,3,0,0,0,0,0,0,0,0,0,0,0,0
2017,NYA,AL,willima07,5,5,5,5,0,0,0,0,0,0,0,5,1,5,0,0,0
2017,SFN,NL,willima08,28,19,28,21,0,0,0,0,0,0,9,0,12,21,1,7,1
2017,PHI,NL,willini01,83,79,83,80,0,0,0,0,0,0,12,16,58,80,1,3,0
2017,MIL,NL,willita01,5,0,5,5,5,0,0,0,0,0,0,0,0,0,0,0,0
2017,PIT,NL,willitr01,31,25,30,31,31,0,0,0,0,0,0,0,0,0,0,0,0
2017,DET,AL,wilsoal01,66,0,6,66,66,0,0,0,0,0,0,0,0,0,0,0,0
2017,CHN,NL,wilsoju10,23,0,22,23,23,0,0,0,0,0,0,0,0,0,0,0,0
2017,DET,AL,wilsoju10,42,0,2,42,42,0,0,0,0,0,0,0,0,0,0,0,0
2017,BAL,AL,wilsoty01,9,1,2,9,9,0,0,0,0,0,0,0,0,0,0,0,0
2017,MIN,AL,wimmeal01,6,0,1,6,6,0,0,0,0,0,0,0,0,0,0,0,0
2017,CIN,NL,winkeje01,47,28,47,27,0,0,0,0,0,0,2,0,25,27,2,19,0
2017,ATL,NL,winklda01,16,0,16,16,16,0,0,0,0,0,0,0,0,0,0,0,0
2017,ATL,NL,wislema01,20,1,20,20,20,0,0,0,0,0,0,0,0,0,0,0,0
2017,MIA,NL,wittgni01,38,0,34,38,38,0,0,0,0,0,0,0,0,0,0,0,0
2017,CIN,NL,wojcias01,25,8,23,25,25,0,0,0,0,0,0,0,0,0,0,0,0
2017,COL,NL,wolteto01,83,66,83,80,0,77,0,4,1,0,0,0,0,0,0,9,1
2017,SLN,NL,wongko01,108,99,108,106,0,0,0,106,0,0,0,0,0,0,0,3,2
2017,LAN,NL,woodal02,27,25,27,27,27,0,0,0,0,0,0,0,0,0,0,0,0
2017,CIN,NL,woodbl01,55,0,52,55,55,0,0,0,0,0,0,0,0,0,0,0,0
2017,LAA,AL,woodbl01,17,0,0,17,17,0,0,0,0,0,0,0,0,0,0,0,0
2017,TBA,AL,woodhu01,1,0,0,1,1,0,0,0,0,0,0,0,0,0,0,0,0
2017,MIL,NL,woodrbr01,8,8,7,8,8,0,0,0,0,0,0,0,0,0,0,0,0
2017,KCA,AL,woodtr01,28,3,3,28,28,0,0,0,0,0,0,0,0,0,0,0,0
2017,SDN,NL,woodtr01,12,11,11,11,11,0,0,0,0,0,0,0,0,0,0,0,1
2017,BOS,AL,workmbr01,33,0,1,33,33,0,0,0,0,0,0,0,0,0,0,0,0
2017,MIA,NL,worleva01,26,12,25,24,24,0,0,0,0,0,0,0,0,0,0,2,0
2017,LAA,AL,wrighda04,5,2,0,5,5,0,0,0,0,0,0,0,0,0,0,0,0
2017,BAL,AL,wrighmi01,13,0,2,13,13,0,0,0,0,0,0,0,0,0,0,0,0
2017,BOS,AL,wrighst01,5,5,0,5,5,0,0,0,0,0,0,0,0,0,0,0,0
2017,BAL,AL,yacabji01,14,0,2,14,14,0,0,0,0,0,0,0,0,0,0,0,0
2017,LAA,AL,yateski01,1,0,0,1,1,0,0,0,0,0,0,0,0,0,0,0,0
2017,SDN,NL,yateski01,61,0,55,61,61,0,0,0,0,0,0,0,0,0,0,0,0
2017,MIA,NL,yelicch01,156,155,156,155,0,0,0,0,0,0,0,155,0,155,0,1,0
2017,BAL,AL,ynoaga01,9,4,1,9,9,0,0,0,0,0,0,0,0,0,0,0,0
2017,CHA,AL,ynoami01,22,0,1,22,22,0,0,0,0,0,0,0,0,0,0,0,0
2017,KCA,AL,youngch03,14,2,2,14,14,0,0,0,0,0,0,0,0,0,0,0,0
2017,BOS,AL,youngch04,90,65,90,46,0,0,0,0,0,0,39,0,8,46,26,19,3
2017,LAA,AL,younger03,47,30,47,34,0,0,0,0,0,0,22,15,2,34,4,5,10
2017,CHN,NL,zagunma01,7,4,7,4,0,0,0,0,0,0,0,0,4,4,0,3,0
2017,CHN,NL,zastrro01,4,0,4,4,4,0,0,0,0,0,0,0,0,0,0,0,0
2017,MIA,NL,zieglbr01,53,0,51,53,53,0,0,0,0,0,0,0,0,0,0,0,0
2017,CLE,AL,zimmebr01,101,73,101,97,0,0,0,0,0,0,0,97,0,97,0,13,3
2017,DET,AL,zimmejo02,29,29,3,29,29,0,0,0,0,0,0,0,0,0,0,0,0
2017,WAS,NL,zimmery01,144,132,144,143,0,0,143,0,0,0,0,0,0,0,1,4,0
2017,CHN,NL,zobribe01,128,105,128,118,0,0,5,81,0,5,36,0,32,61,0,20,0
2017,SEA,AL,zuninmi01,124,112,124,120,0,120,0,0,0,0,0,0,0,0,2,4,1
2017,SEA,AL,zychto01,45,0,4,45,45,0,0,0,0,0,0,0,0,0,0,0,0